t,H_tank,H_pool,m_cw,T_cw_in,T_return,p_b,k_p,Paff_MW,lost_MW,pump,gen
0.0,3.4562,2.7704,20.8565,20.0,27.9936,5.0,1.0,607.0,0.0,1,1
4.0,3.4561,2.77036,20.8565,20.0,27.9936,5.0,1.0,607.0,0.0,1,1
8.0,3.45601,2.77032,20.8565,20.0,27.9936,5.0,1.0,607.0,0.0,1,1
12.0,3.45592,2.77028,20.8565,20.0,27.9936,5.0,1.0,607.0,0.0,1,1
16.0,3.45583,2.77025,20.8565,20.0,27.9936,5.0,1.0,607.0,0.0,1,1
20.0,3.45574,2.77021,20.8565,20.0,27.9936,5.0,1.0,607.0,0.0,1,1
24.0,3.45565,2.77017,20.8565,20.0,27.9936,5.0,1.0,607.0,0.0,1,1
28.0,3.45556,2.77014,20.8565,20.0,27.9936,5.0,1.0,607.0,0.0,1,1
32.0,3.45547,2.7701,20.8565,20.0,27.9936,5.0,1.0,607.0,0.0,1,1
36.0,3.45539,2.77006,20.8565,20.0,27.9936,5.0,1.0,607.0,0.0,1,1
40.0,3.4553,2.77003,20.8565,20.0,27.9936,5.0,1.0,607.0,0.0,1,1
44.0,3.45521,2.76999,20.8565,20.0,27.9936,5.0,1.0,607.0,0.0,1,1
48.0,3.45512,2.76995,20.8565,20.0,27.9936,5.0,1.0,607.0,0.0,1,1
52.0,3.45504,2.76992,20.8565,20.0,27.9936,5.0,1.0,607.0,0.0,1,1
56.0,3.45495,2.76988,20.8565,20.0,27.9936,5.0,1.0,607.0,0.0,1,1
60.0,3.45486,2.76985,20.8565,20.0,27.9936,5.0,1.0,607.0,0.0,1,1
64.0,3.45478,2.76981,20.8565,20.0,27.9936,5.0,1.0,607.0,0.0,1,1
68.0,3.45448,2.76978,20.8565,20.0,27.9936,5.0,1.0,607.0,0.0,1,1
72.0,3.45398,2.76974,20.8565,20.0,27.9936,5.0,1.0,607.0,0.0,1,1
76.0,3.4533,2.76971,20.8565,20.0,27.9936,5.0,1.0,607.0,0.0,1,1
80.0,3.45247,2.76967,20.8565,20.0,27.9936,5.0,1.0,607.0,0.0,1,1
84.0,3.4515,2.76964,20.8565,20.0,27.9936,5.0,1.0,607.0,0.0,1,1
88.0,3.4504,2.7696,20.8565,20.0,27.9936,5.0,1.0,607.0,0.0,1,1
92.0,3.44919,2.76957,20.8565,20.0,27.9936,5.0,1.0,607.0,0.0,1,1
96.0,3.44787,2.76953,20.8565,20.0,27.9936,5.0,1.0,607.0,0.0,1,1
100.0,3.44645,2.7695,20.8565,20.0,27.9936,5.0,1.0,607.0,0.0,1,1
104.0,3.44495,2.76947,20.8565,20.0,27.9936,5.0,1.0,607.0,0.0,1,1
108.0,3.44336,2.76943,20.8565,20.0,27.9936,5.0,1.0,607.0,0.0,1,1
112.0,3.44171,2.7694,20.8565,20.0,27.9936,5.0,1.0,607.0,0.0,1,1
116.0,3.43998,2.76937,20.8565,20.0,27.9936,5.0,1.0,607.0,0.0,1,1
120.0,3.43819,2.76933,20.8565,20.0,27.9936,5.0,1.0,607.0,0.0,1,1
124.0,3.43634,2.7693,20.8565,20.0,27.9936,5.0,1.0,607.0,0.0,1,1
128.0,3.43443,2.76926,20.8565,20.0,27.9936,5.0,1.0,607.0,0.0,1,1
132.0,3.43247,2.76923,20.8565,20.0,27.9936,5.0,1.0,607.0,0.0,1,1
136.0,3.43046,2.7692,20.8565,20.0,27.9936,5.0,1.0,607.0,0.0,1,1
140.0,3.37201,2.76916,20.8565,20.0,27.9936,5.0,1.0,607.0,0.0,1,1
144.0,3.31365,2.76913,20.8565,20.0,27.9936,5.0,1.0,607.0,0.0,1,1
148.0,3.2554,2.76909,20.8565,20.0,27.9936,5.0,1.0,607.0,0.0,1,1
152.0,3.19724,2.76905,20.8565,20.0,27.9936,5.0,1.0,607.0,0.0,1,1
156.0,3.13918,2.76901,20.8565,20.0,27.9936,5.0,1.0,607.0,0.0,1,1
160.0,3.08123,2.76897,20.8565,20.0,27.9936,5.0,1.0,607.0,0.0,1,1
164.0,3.02337,2.76893,20.8565,20.0,27.9936,5.0,1.0,607.0,0.0,1,1
168.0,2.96561,2.76888,20.8565,20.0,27.9936,5.0,1.0,607.0,0.0,1,1
172.0,2.90795,2.76884,20.8565,20.0,27.9936,5.0,1.0,607.0,0.0,1,1
176.0,2.85038,2.76879,20.8565,20.0,27.9936,5.0,1.0,607.0,0.0,1,1
180.0,2.79292,2.76874,20.8565,20.0,27.9936,5.0,1.0,607.0,0.0,1,1
184.0,2.73555,2.76868,20.8565,20.0,27.9936,5.0,1.0,607.0,0.0,1,1
188.0,2.67827,2.76863,20.8565,20.0,27.9936,5.0,1.0,607.0,0.0,1,1
192.0,2.6211,2.76857,20.8565,20.0,27.9936,5.0,1.0,607.0,0.0,1,1
196.0,2.56402,2.76852,20.8565,20.0,27.9936,5.0,1.0,607.0,0.0,1,1
200.0,2.50703,2.76846,20.8565,20.0,27.9936,5.0,1.0,607.0,0.0,1,1
204.0,2.45014,2.7684,20.8565,20.0,27.9936,5.0,1.0,607.0,0.0,1,1
208.0,2.39335,2.76833,20.8565,20.0,27.9936,5.0,1.0,607.0,0.0,1,1
212.0,2.33664,2.76827,20.8565,20.0,27.9936,5.0,1.0,607.0,0.0,1,1
216.0,2.28004,2.7682,20.8565,20.0,27.9936,5.0,1.0,607.0,0.0,1,1
220.0,2.22353,2.76814,20.8565,20.0,27.9936,5.0,1.0,607.0,0.0,1,1
224.0,2.16711,2.76807,20.8565,20.0,27.9936,5.0,1.0,607.0,0.0,1,1
228.0,2.11078,2.768,20.8565,20.0,27.9936,5.0,1.0,607.0,0.0,1,1
232.0,2.05455,2.76792,20.8565,20.0,27.9936,5.0,1.0,607.0,0.0,1,1
236.0,1.99841,2.76785,20.8565,20.0,27.9936,5.0,1.0,607.0,0.0,1,1
240.0,1.94236,2.76777,20.8565,20.0,27.9936,5.0,1.0,607.0,0.0,1,1
244.0,1.8864,2.7677,20.8565,20.0,27.9936,5.0,1.0,607.0,0.0,1,1
248.0,1.83054,2.76762,20.8565,20.0,27.9936,5.0,1.0,607.0,0.0,1,1
252.0,1.77477,2.76754,20.8565,20.0,27.9936,5.0,1.0,607.0,0.0,1,1
256.0,1.71909,2.76746,20.8565,20.0,27.9936,5.0,1.0,607.0,0.0,1,1
260.0,1.6635,2.76737,20.8565,20.0,27.9936,5.0,1.0,607.0,0.0,1,1
264.0,1.608,2.76729,20.8565,20.0,27.9936,5.0,1.0,607.0,0.0,1,1
268.0,1.55259,2.7672,20.8565,20.0,27.9936,5.0,1.0,607.0,0.0,1,1
272.0,1.49727,2.76711,20.8565,20.0,27.9936,5.0,1.0,607.0,0.0,1,1
276.0,1.44204,2.76702,20.8565,20.0,27.9936,5.0,1.0,607.0,0.0,1,1
280.0,1.3869,2.76693,20.8565,20.0,27.9936,5.0,1.0,607.0,0.0,1,1
284.0,1.33185,2.76684,20.8565,20.0,27.9936,5.0,1.0,607.0,0.0,1,1
288.0,1.27689,2.76674,20.8565,20.0,27.9936,5.0,1.0,607.0,0.0,1,1
292.0,1.22202,2.76664,20.8565,20.0,27.9936,5.0,1.0,607.0,0.0,1,1
296.0,1.16724,2.76655,20.8565,20.0,27.9936,5.0,1.0,607.0,0.0,1,1
300.0,1.11254,2.76645,20.8565,20.0,27.9936,5.0,1.0,607.0,0.0,1,1
304.0,1.05793,2.76635,20.8565,20.0,27.9936,5.0,1.0,607.0,0.0,1,1
308.0,1.00342,2.76624,20.8565,20.0,27.9936,5.0,1.0,607.0,0.0,1,1
312.0,0.94899,2.76614,20.8565,20.0,27.9936,5.0,1.0,607.0,0.0,1,1
316.0,0.89464,2.76603,20.8565,20.0,27.9936,5.0,1.0,607.0,0.0,1,1
320.0,0.84039,2.76593,20.8565,20.0,27.9936,5.0,1.0,607.0,0.0,1,1
324.0,0.78622,2.76582,20.8565,20.0,27.9936,5.0,1.0,607.0,0.0,1,1
328.0,0.73214,2.76571,20.8565,20.0,27.9936,5.0,1.0,607.0,0.0,1,1
332.0,0.67814,2.76559,20.8565,20.0,27.9936,5.0,1.0,607.0,0.0,1,1
336.0,0.62424,2.76548,20.8565,20.0,27.9936,5.0,1.0,607.0,0.0,1,1
340.0,0.57041,2.76537,20.8565,20.0,27.9936,5.0,1.0,607.0,0.0,1,1
344.0,0.51668,2.76525,20.8565,20.0,27.9936,5.0,1.0,607.0,0.0,1,1
348.0,0.46303,2.76513,20.8565,20.0,27.9936,5.0,1.0,607.0,0.0,1,1
352.0,0.40947,2.76501,20.8565,20.0,27.9936,5.0,1.0,607.0,0.0,1,1
356.0,0.35599,2.76489,20.8565,20.0,27.9936,5.0,1.0,607.0,0.0,1,1
360.0,0.30259,2.76477,20.8565,20.0,27.9936,5.0,1.0,607.0,0.0,1,1
364.0,0.24929,2.76464,20.8565,20.0,27.9936,5.0,1.0,607.0,0.0,1,1
368.0,0.19607,2.76452,20.8565,20.0,27.9936,5.0,1.0,607.0,0.0,1,1
372.0,0.14293,2.76439,20.8565,20.0,27.9936,5.0,1.0,607.0,0.0,1,1
376.0,0.08988,2.76426,20.8565,20.0,27.9936,5.0,1.0,607.0,0.0,1,1
380.0,0.03691,2.76413,20.8565,20.0,27.9936,5.0,1.0,607.0,0.0,1,1
384.0,0.0,2.764,20.8565,20.0,27.9936,5.0,1.0,607.0,0.0,1,1
388.0,0.0,2.76294,20.8565,20.0,27.9936,5.0,1.0,607.0,0.0,1,1
392.0,0.0,2.76187,20.8565,20.0,27.9936,5.0,1.0,607.0,0.0,1,1
396.0,0.0,2.76081,20.8565,20.0,27.9936,5.0,1.0,607.0,0.0,1,1
400.0,0.0,2.75974,20.8565,20.0,27.9936,5.0,1.0,607.0,0.0,1,1
404.0,0.0,2.75868,20.8565,20.0,27.9936,5.0,1.0,607.0,0.0,1,1
408.0,0.0,2.75761,20.8565,20.0,27.9936,5.0,1.0,607.0,0.0,1,1
412.0,0.0,2.75655,20.8565,20.0,27.9936,5.0,1.0,607.0,0.0,1,1
416.0,0.0,2.75548,20.8565,20.0,27.9936,5.0,1.0,607.0,0.0,1,1
420.0,0.0,2.75442,20.8565,20.0,27.9936,5.0,1.0,607.0,0.0,1,1
424.0,0.0,2.75335,20.8565,20.0,27.9936,5.0,1.0,607.0,0.0,1,1
428.0,0.0,2.75229,20.8565,20.0,27.9936,5.0,1.0,607.0,0.0,1,1
432.0,0.0,2.75122,20.8565,20.0,27.9936,5.0,1.0,607.0,0.0,1,1
436.0,0.0,2.75016,20.8565,20.0,27.9936,5.0,1.0,607.0,0.0,1,1
440.0,0.0,2.7491,20.8565,20.0,27.9936,5.0,1.0,607.0,0.0,1,1
444.0,0.0,2.74803,20.8565,20.0,27.9936,5.0,1.0,607.0,0.0,1,1
448.0,0.0,2.74697,20.8565,20.0,27.9936,5.0,1.0,607.0,0.0,1,1
452.0,0.0,2.7459,20.8565,20.0,27.9936,5.0,1.0,607.0,0.0,1,1
456.0,0.0,2.74484,20.8565,20.0,27.9936,5.0,1.0,607.0,0.0,1,1
460.0,0.0,2.74377,20.8565,20.0,27.9936,5.0,1.0,607.0,0.0,1,1
464.0,0.0,2.74271,20.8565,20.0,27.9936,5.0,1.0,607.0,0.0,1,1
468.0,0.0,2.74164,20.8565,20.0,27.9936,5.0,1.0,607.0,0.0,1,1
472.0,0.0,2.74058,20.8565,20.0,27.9936,5.0,1.0,607.0,0.0,1,1
476.0,0.0,2.73951,20.8565,20.0,27.9936,5.0,1.0,607.0,0.0,1,1
480.0,0.0,2.73845,20.8565,20.0,27.9936,5.0,1.0,607.0,0.0,1,1
484.0,0.0,2.73738,20.8565,20.0,27.9936,5.0,1.0,607.0,0.0,1,1
488.0,0.0,2.73632,20.8565,20.0,27.9936,5.0,1.0,607.0,0.0,1,1
492.0,0.0,2.73525,20.8565,20.0,27.9936,5.0,1.0,607.0,0.0,1,1
496.0,0.0,2.73419,20.8565,20.0,27.9936,5.0,1.0,607.0,0.0,1,1
500.0,0.0,2.73312,20.8565,20.0,27.9936,5.0,1.0,607.0,0.0,1,1
504.0,0.0,2.73206,20.8565,20.0,27.9936,5.0,1.0,607.0,0.0,1,1
508.0,0.0,2.73099,20.8565,20.0,27.9936,5.0,1.0,607.0,0.0,1,1
512.0,0.0,2.72993,20.8565,20.0,27.9936,5.0,1.0,607.0,0.0,1,1
516.0,0.0,2.72886,20.8565,20.0,27.9936,5.0,1.0,607.0,0.0,1,1
520.0,0.0,2.7278,20.8565,20.0,27.9936,5.0,1.0,607.0,0.0,1,1
524.0,0.0,2.72674,20.8565,20.0,27.9936,5.0,1.0,607.0,0.0,1,1
528.0,0.0,2.72567,20.8565,20.0,27.9936,5.0,1.0,607.0,0.0,1,1
532.0,0.0,2.72461,20.8565,20.0,27.9936,5.0,1.0,607.0,0.0,1,1
536.0,0.0,2.72354,20.8565,20.0,27.9936,5.0,1.0,607.0,0.0,1,1
540.0,0.0,2.72248,20.8565,20.0,27.9936,5.0,1.0,607.0,0.0,1,1
544.0,0.0,2.72141,20.8565,20.0,27.9936,5.0,1.0,607.0,0.0,1,1
548.0,0.0,2.72035,20.8565,20.0,27.9936,5.0,1.0,607.0,0.0,1,1
552.0,0.0,2.71928,20.8565,20.0,27.9936,5.0,1.0,607.0,0.0,1,1
556.0,0.0,2.71822,20.8565,20.0,27.9936,5.0,1.0,607.0,0.0,1,1
560.0,0.0,2.71715,20.8565,20.0,27.9936,5.0,1.0,607.0,0.0,1,1
564.0,0.0,2.71609,20.8565,20.0,27.9936,5.0,1.0,607.0,0.0,1,1
568.0,0.0,2.71502,20.8565,20.0,27.9936,5.0,1.0,607.0,0.0,1,1
572.0,0.0,2.71396,20.8565,20.0,27.9936,5.0,1.0,607.0,0.0,1,1
576.0,0.0,2.71289,20.8565,20.0,27.9936,5.0,1.0,607.0,0.0,1,1
580.0,0.0,2.71183,20.8565,20.0,27.9936,5.0,1.0,607.0,0.0,1,1
584.0,0.0,2.71076,20.8565,20.0,27.9936,5.0,1.0,607.0,0.0,1,1
588.0,0.0,2.7097,20.8565,20.0,27.9936,5.0,1.0,607.0,0.0,1,1
592.0,0.0,2.70863,20.8565,20.0,27.9936,5.0,1.0,607.0,0.0,1,1
596.0,0.0,2.70757,20.8565,20.0,27.9936,5.0,1.0,607.0,0.0,1,1
600.0,0.0,2.7065,20.8565,20.0,27.9936,5.0,1.0,607.0,0.0,1,1
604.0,0.0,2.70544,20.8565,20.0,27.9936,5.0,1.0,607.0,0.0,1,1
608.0,0.0,2.70437,20.8565,20.0,27.9936,5.0,1.0,607.0,0.0,1,1
612.0,0.0,2.70331,20.8565,20.0,27.9936,5.0,1.0,607.0,0.0,1,1
616.0,0.0,2.70225,20.8565,20.0,27.9936,5.0,1.0,607.0,0.0,1,1
620.0,0.0,2.70118,20.8565,20.0,27.9936,5.0,1.0,607.0,0.0,1,1
624.0,0.0,2.70012,20.8565,20.0,27.9936,5.0,1.0,607.0,0.0,1,1
628.0,0.0,2.69905,20.8565,20.0,27.9936,5.0,1.0,607.0,0.0,1,1
632.0,0.0,2.69799,20.8565,20.0,27.9936,5.0,1.0,607.0,0.0,1,1
636.0,0.0,2.69692,20.8565,20.0,27.9936,5.0,1.0,607.0,0.0,1,1
640.0,0.0,2.69586,20.8565,20.0,27.9936,5.0,1.0,607.0,0.0,1,1
644.0,0.0,2.69479,20.8565,20.0,27.9936,5.0,1.0,607.0,0.0,1,1
648.0,0.0,2.69373,20.8565,20.0,27.9936,5.0,1.0,607.0,0.0,1,1
652.0,0.0,2.69266,20.8565,20.0,27.9936,5.0,1.0,607.0,0.0,1,1
656.0,0.0,2.6916,20.8565,20.0,27.9936,5.0,1.0,607.0,0.0,1,1
660.0,0.0,2.69053,20.8565,20.0,27.9936,5.0,1.0,607.0,0.0,1,1
664.0,0.0,2.68947,20.8565,20.0,27.9936,5.0,1.0,607.0,0.0,1,1
668.0,0.0,2.6884,20.8565,20.0,27.9936,5.0,1.0,607.0,0.0,1,1
672.0,0.0,2.68734,20.8565,20.0,27.9936,5.0,1.0,607.0,0.0,1,1
676.0,0.0,2.68627,20.8565,20.0,27.9936,5.0,1.0,607.0,0.0,1,1
680.0,0.0,2.68521,20.8565,20.0,27.9936,5.0,1.0,607.0,0.0,1,1
684.0,0.0,2.68414,20.8565,20.0,27.9936,5.0,1.0,607.0,0.0,1,1
688.0,0.0,2.68308,20.8565,20.0,27.9936,5.0,1.0,607.0,0.0,1,1
692.0,0.0,2.68201,20.8565,20.0,27.9936,5.0,1.0,607.0,0.0,1,1
696.0,0.0,2.68095,20.8565,20.0,27.9936,5.0,1.0,607.0,0.0,1,1
700.0,0.0,2.67989,20.8565,20.0,27.9936,5.0,1.0,607.0,0.0,1,1
704.0,0.0,2.67882,20.8565,20.0,27.9936,5.0,1.0,607.0,0.0,1,1
708.0,0.0,2.67776,20.8565,20.0,27.9936,5.0,1.0,607.0,0.0,1,1
712.0,0.0,2.67669,20.8565,20.0,27.9936,5.0,1.0,607.0,0.0,1,1
716.0,0.0,2.67563,20.8565,20.0,27.9936,5.0,1.0,607.0,0.0,1,1
720.0,0.0,2.67456,20.8565,20.0,27.9936,5.0,1.0,607.0,0.0,1,1
724.0,0.0,2.6735,20.8565,20.0,27.9936,5.0,1.0,607.0,0.0,1,1
728.0,0.0,2.67243,20.8565,20.0,27.9936,5.0,1.0,607.0,0.0,1,1
732.0,0.0,2.67137,20.8565,20.0,27.9936,5.0,1.0,607.0,0.0,1,1
736.0,0.0,2.6703,20.8565,20.0,27.9936,5.0,1.0,607.0,0.0,1,1
740.0,0.0,2.66924,20.8565,20.0,27.9936,5.0,1.0,607.0,0.0,1,1
744.0,0.0,2.66817,20.8565,20.0,27.9936,5.0,1.0,607.0,0.0,1,1
748.0,0.0,2.66711,20.8565,20.0,27.9936,5.0,1.0,607.0,0.0,1,1
752.0,0.0,2.66604,20.8565,20.0,27.9936,5.0,1.0,607.0,0.0,1,1
756.0,0.0,2.66498,20.8565,20.0,27.9936,5.0,1.0,607.0,0.0,1,1
760.0,0.0,2.66391,20.8565,20.0,27.9936,5.0,1.0,607.0,0.0,1,1
764.0,0.0,2.66285,20.8565,20.0,27.9936,5.0,1.0,607.0,0.0,1,1
768.0,0.0,2.66178,20.8565,20.0,27.9936,5.0,1.0,607.0,0.0,1,1
772.0,0.0,2.66072,20.8565,20.0,27.9936,5.0,1.0,607.0,0.0,1,1
776.0,0.0,2.65965,20.8565,20.0,27.9936,5.0,1.0,607.0,0.0,1,1
780.0,0.0,2.65859,20.8565,20.0,27.9936,5.0,1.0,607.0,0.0,1,1
784.0,0.0,2.65753,20.8565,20.0,27.9936,5.0,1.0,607.0,0.0,1,1
788.0,0.0,2.65646,20.8565,20.0,27.9936,5.0,1.0,607.0,0.0,1,1
792.0,0.0,2.6554,20.8565,20.0,27.9936,5.0,1.0,607.0,0.0,1,1
796.0,0.0,2.65433,20.8565,20.0,27.9936,5.0,1.0,607.0,0.0,1,1
800.0,0.0,2.65327,20.8565,20.0,27.9936,5.0,1.0,607.0,0.0,1,1
804.0,0.0,2.6522,20.8565,20.0,27.9936,5.0,1.0,607.0,0.0,1,1
808.0,0.0,2.65114,20.8565,20.0,27.9936,5.0,1.0,607.0,0.0,1,1
812.0,0.0,2.65007,20.8565,20.0,27.9936,5.0,1.0,607.0,0.0,1,1
816.0,0.0,2.64901,20.8565,20.0,27.9936,5.0,1.0,607.0,0.0,1,1
820.0,0.0,2.64794,20.8565,20.0,27.9936,5.0,1.0,607.0,0.0,1,1
824.0,0.0,2.64688,20.8565,20.0,27.9936,5.0,1.0,607.0,0.0,1,1
828.0,0.0,2.64581,20.8565,20.0,27.9936,5.0,1.0,607.0,0.0,1,1
832.0,0.0,2.64475,20.8565,20.0,27.9936,5.0,1.0,607.0,0.0,1,1
836.0,0.0,2.64368,20.8565,20.0,27.9936,5.0,1.0,607.0,0.0,1,1
840.0,0.0,2.64262,20.8565,20.0,27.9936,5.0,1.0,607.0,0.0,1,1
844.0,0.0,2.64155,20.8565,20.0,27.9936,5.0,1.0,607.0,0.0,1,1
848.0,0.0,2.64049,20.8565,20.0,27.9936,5.0,1.0,607.0,0.0,1,1
852.0,0.0,2.63942,20.8565,20.0,27.9936,5.0,1.0,607.0,0.0,1,1
856.0,0.0,2.63836,20.8565,20.0,27.9936,5.0,1.0,607.0,0.0,1,1
860.0,0.0,2.63729,20.8565,20.0,27.9936,5.0,1.0,607.0,0.0,1,1
864.0,0.0,2.63623,20.8565,20.0,27.9936,5.0,1.0,607.0,0.0,1,1
868.0,0.0,2.63516,20.8565,20.0,27.9936,5.0,1.0,607.0,0.0,1,1
872.0,0.0,2.6341,20.8565,20.0,27.9936,5.0,1.0,607.0,0.0,1,1
876.0,0.0,2.63304,20.8565,20.0,27.9936,5.0,1.0,607.0,0.0,1,1
880.0,0.0,2.63197,20.8565,20.0,27.9936,5.0,1.0,607.0,0.0,1,1
884.0,0.0,2.63091,20.8565,20.0,27.9936,5.0,1.0,607.0,0.0,1,1
888.0,0.0,2.62984,20.8565,20.0,27.9936,5.0,1.0,607.0,0.0,1,1
892.0,0.0,2.62878,20.8565,20.0,27.9936,5.0,1.0,607.0,0.0,1,1
896.0,0.0,2.62771,20.8565,20.0,27.9936,5.0,1.0,607.0,0.0,1,1
900.0,0.0,2.62665,20.8565,20.0,27.9936,5.0,1.0,607.0,0.0,1,1
904.0,0.0,2.62558,20.8565,20.0,27.9936,5.0,1.0,607.0,0.0,1,1
908.0,0.0,2.62452,20.8565,20.0,27.9936,5.0,1.0,607.0,0.0,1,1
912.0,0.0,2.62345,20.8565,20.0,27.9936,5.0,1.0,607.0,0.0,1,1
916.0,0.0,2.62239,20.8565,20.0,27.9936,5.0,1.0,607.0,0.0,1,1
920.0,0.0,2.62132,20.8565,20.0,27.9936,5.0,1.0,607.0,0.0,1,1
924.0,0.0,2.62026,20.8565,20.0,27.9936,5.0,1.0,607.0,0.0,1,1
928.0,0.0,2.61919,20.8565,20.0,27.9936,5.0,1.0,607.0,0.0,1,1
932.0,0.0,2.61813,20.8565,20.0,27.9936,5.0,1.0,607.0,0.0,1,1
936.0,0.0,2.61706,20.8565,20.0,27.9936,5.0,1.0,607.0,0.0,1,1
940.0,0.0,2.616,20.8565,20.0,27.9936,5.0,1.0,607.0,0.0,1,1
944.0,0.0,2.61493,20.8565,20.0,27.9936,5.0,1.0,607.0,0.0,1,1
948.0,0.0,2.61387,20.8565,20.0,27.9936,5.0,1.0,607.0,0.0,1,1
952.0,0.0,2.6128,20.8565,20.0,27.9936,5.0,1.0,607.0,0.0,1,1
956.0,0.0,2.61174,20.8565,20.0,27.9936,5.0,1.0,607.0,0.0,1,1
960.0,0.0,2.61068,20.8565,20.0,27.9936,5.0,1.0,607.0,0.0,1,1
964.0,0.0,2.60961,20.8565,20.0,27.9936,5.0,1.0,607.0,0.0,1,1
968.0,0.0,2.60855,20.8565,20.0,27.9936,5.0,1.0,607.0,0.0,1,1
972.0,0.0,2.60748,20.8565,20.0,27.9936,5.0,1.0,607.0,0.0,1,1
976.0,0.0,2.60642,20.8565,20.0,27.9936,5.0,1.0,607.0,0.0,1,1
980.0,0.0,2.60535,20.8565,20.0,27.9936,5.0,1.0,607.0,0.0,1,1
984.0,0.0,2.60429,20.8565,20.0,27.9936,5.0,1.0,607.0,0.0,1,1
988.0,0.0,2.60322,20.8565,20.0,27.9936,5.0,1.0,607.0,0.0,1,1
992.0,0.0,2.60216,20.8565,20.0,27.9936,5.0,1.0,607.0,0.0,1,1
996.0,0.0,2.60109,20.8565,20.0,27.9936,5.0,1.0,607.0,0.0,1,1
1000.0,0.0,2.60003,20.8565,20.0,27.9936,5.0,1.0,607.0,0.0,1,1
1004.0,0.0,2.59896,20.8565,20.0,27.9936,5.0,1.0,607.0,0.0,1,1
1008.0,0.0,2.5979,20.8565,20.0,27.9936,5.0,1.0,607.0,0.0,1,1
1012.0,0.0,2.59683,20.8565,20.0,27.9936,5.0,1.0,607.0,0.0,1,1
1016.0,0.0,2.59577,20.8565,20.0,27.9936,5.0,1.0,607.0,0.0,1,1
1020.0,0.0,2.5947,20.8565,20.0,27.9936,5.0,1.0,607.0,0.0,1,1
1024.0,0.0,2.59364,20.8565,20.0,27.9936,5.0,1.0,607.0,0.0,1,1
1028.0,0.0,2.59257,20.8565,20.0,27.9936,5.0,1.0,607.0,0.0,1,1
1032.0,0.0,2.59151,20.8565,20.0,27.9936,5.0,1.0,607.0,0.0,1,1
1036.0,0.0,2.59044,20.8565,20.0,27.9936,5.0,1.0,607.0,0.0,1,1
1040.0,0.0,2.58938,20.8565,20.0,27.9936,5.0,1.0,607.0,0.0,1,1
1044.0,0.0,2.58832,20.8565,20.0,27.9936,5.0,1.0,607.0,0.0,1,1
1048.0,0.0,2.58725,20.8565,20.0,27.9936,5.0,1.0,607.0,0.0,1,1
1052.0,0.0,2.58619,20.8565,20.0,27.9936,5.0,1.0,607.0,0.0,1,1
1056.0,0.0,2.58512,20.8565,20.0,27.9936,5.0,1.0,607.0,0.0,1,1
1060.0,0.0,2.58406,20.8565,20.0,27.9936,5.0,1.0,607.0,0.0,1,1
1064.0,0.0,2.58299,20.8565,20.0,27.9936,5.0,1.0,607.0,0.0,1,1
1068.0,0.0,2.58193,20.8565,20.0,27.9936,5.0,1.0,607.0,0.0,1,1
1072.0,0.0,2.58086,20.8565,20.0,27.9936,5.0,1.0,607.0,0.0,1,1
1076.0,0.0,2.5798,20.8565,20.0,27.9936,5.0,1.0,607.0,0.0,1,1
1080.0,0.0,2.57873,20.8565,20.0,27.9936,5.0,1.0,607.0,0.0,1,1
1084.0,0.0,2.57767,20.8565,20.0,27.9936,5.0,1.0,607.0,0.0,1,1
1088.0,0.0,2.5766,20.8565,20.0,27.9936,5.0,1.0,607.0,0.0,1,1
1092.0,0.0,2.57554,20.8565,20.0,27.9936,5.0,1.0,607.0,0.0,1,1
1096.0,0.0,2.57447,20.8565,20.0,27.9936,5.0,1.0,607.0,0.0,1,1
1100.0,0.0,2.57341,20.8565,20.0,27.9936,5.0,1.0,607.0,0.0,1,1
1104.0,0.0,2.57234,20.8565,20.0,27.9936,5.0,1.0,607.0,0.0,1,1
1108.0,0.0,2.57128,20.8565,20.0,27.9936,5.0,1.0,607.0,0.0,1,1
1112.0,0.0,2.57021,20.8565,20.0,27.9936,5.0,1.0,607.0,0.0,1,1
1116.0,0.0,2.56915,20.8565,20.0,27.9936,5.0,1.0,607.0,0.0,1,1
1120.0,0.0,2.56808,20.8565,20.0,27.9936,5.0,1.0,607.0,0.0,1,1
1124.0,0.0,2.56702,20.8565,20.0,27.9936,5.0,1.0,607.0,0.0,1,1
1128.0,0.0,2.56595,20.8565,20.0,27.9936,5.0,1.0,607.0,0.0,1,1
1132.0,0.0,2.56489,20.8565,20.0,27.9936,5.0,1.0,607.0,0.0,1,1
1136.0,0.0,2.56383,20.8565,20.0,27.9936,5.0,1.0,607.0,0.0,1,1
1140.0,0.0,2.56276,20.8565,20.0,27.9936,5.0,1.0,607.0,0.0,1,1
1144.0,0.0,2.5617,20.8565,20.0,27.9936,5.0,1.0,607.0,0.0,1,1
1148.0,0.0,2.56063,20.8565,20.0,27.9936,5.0,1.0,607.0,0.0,1,1
1152.0,0.0,2.55957,20.8565,20.0,27.9936,5.0,1.0,607.0,0.0,1,1
1156.0,0.0,2.5585,20.8565,20.0,27.9936,5.0,1.0,607.0,0.0,1,1
1160.0,0.0,2.55744,20.8565,20.0,27.9936,5.0,1.0,607.0,0.0,1,1
1164.0,0.0,2.55637,20.8565,20.0,27.9936,5.0,1.0,607.0,0.0,1,1
1168.0,0.0,2.55531,20.8565,20.0,27.9936,5.0,1.0,607.0,0.0,1,1
1172.0,0.0,2.55424,20.8565,20.0,27.9936,5.0,1.0,607.0,0.0,1,1
1176.0,0.0,2.55318,20.8565,20.0,27.9936,5.0,1.0,607.0,0.0,1,1
1180.0,0.0,2.55211,20.8565,20.0,27.9936,5.0,1.0,607.0,0.0,1,1
1184.0,0.0,2.55105,20.8565,20.0,27.9936,5.0,1.0,607.0,0.0,1,1
1188.0,0.0,2.54998,20.8565,20.0,27.9936,5.0,1.0,607.0,0.0,1,1
1192.0,0.0,2.54892,20.8565,20.0,27.9936,5.0,1.0,607.0,0.0,1,1
1196.0,0.0,2.54785,20.8565,20.0,27.9936,5.0,1.0,607.0,0.0,1,1
1200.0,0.0,2.54679,20.8565,20.0,27.9936,5.0,1.0,607.0,0.0,1,1
1204.0,0.0,2.54572,20.8565,20.0,27.9936,5.0,1.0,607.0,0.0,1,1
1208.0,0.0,2.54466,20.8565,20.0,27.9936,5.0,1.0,607.0,0.0,1,1
1212.0,0.0,2.54359,20.8565,20.0,27.9936,5.0,1.0,607.0,0.0,1,1
1216.0,0.0,2.54253,20.8565,20.0,27.9936,5.0,1.0,607.0,0.0,1,1
1220.0,0.0,2.54147,20.8565,20.0,27.9936,5.0,1.0,607.0,0.0,1,1
1224.0,0.0,2.5404,20.8565,20.0,27.9936,5.0,1.0,607.0,0.0,1,1
1228.0,0.0,2.53934,20.8565,20.0,27.9936,5.0,1.0,607.0,0.0,1,1
1232.0,0.0,2.53827,20.8565,20.0,27.9936,5.0,1.0,607.0,0.0,1,1
1236.0,0.0,2.53721,20.8565,20.0,27.9936,5.0,1.0,607.0,0.0,1,1
1240.0,0.0,2.53614,20.8565,20.0,27.9936,5.0,1.0,607.0,0.0,1,1
1244.0,0.0,2.53508,20.8565,20.0,27.9936,5.0,1.0,607.0,0.0,1,1
1248.0,0.0,2.53401,20.8565,20.0,27.9936,5.0,1.0,607.0,0.0,1,1
1252.0,0.0,2.53295,20.8565,20.0,27.9936,5.0,1.0,607.0,0.0,1,1
1256.0,0.0,2.53188,20.8565,20.0,27.9936,5.0,1.0,607.0,0.0,1,1
1260.0,0.0,2.53082,20.8565,20.0,27.9936,5.0,1.0,607.0,0.0,1,1
1264.0,0.0,2.52975,20.8565,20.0,27.9936,5.0,1.0,607.0,0.0,1,1
1268.0,0.0,2.52869,20.8565,20.0,27.9936,5.0,1.0,607.0,0.0,1,1
1272.0,0.0,2.52762,20.8565,20.0,27.9936,5.0,1.0,607.0,0.0,1,1
1276.0,0.0,2.52656,20.8565,20.0,27.9936,5.0,1.0,607.0,0.0,1,1
1280.0,0.0,2.52549,20.8565,20.0,27.9936,5.0,1.0,607.0,0.0,1,1
1284.0,0.0,2.52443,20.8565,20.0,27.9936,5.0,1.0,607.0,0.0,1,1
1288.0,0.0,2.52336,20.8565,20.0,27.9936,5.0,1.0,607.0,0.0,1,1
1292.0,0.0,2.5223,20.8565,20.0,27.9936,5.0,1.0,607.0,0.0,1,1
1296.0,0.0,2.52123,20.8565,20.0,27.9936,5.0,1.0,607.0,0.0,1,1
1300.0,0.0,2.52017,20.8565,20.0,27.9936,5.0,1.0,607.0,0.0,1,1
1304.0,0.0,2.51911,20.8565,20.0,27.9936,5.0,1.0,607.0,0.0,1,1
1308.0,0.0,2.51804,20.8565,20.0,27.9936,5.0,1.0,607.0,0.0,1,1
1312.0,0.0,2.51698,20.8565,20.0,27.9936,5.0,1.0,607.0,0.0,1,1
1316.0,0.0,2.51591,20.8565,20.0,27.9936,5.0,1.0,607.0,0.0,1,1
1320.0,0.0,2.51485,20.8565,20.0,27.9936,5.0,1.0,607.0,0.0,1,1
1324.0,0.0,2.51378,20.8565,20.0,27.9936,5.0,1.0,607.0,0.0,1,1
1328.0,0.0,2.51272,20.8565,20.0,27.9936,5.0,1.0,607.0,0.0,1,1
1332.0,0.0,2.51165,20.8565,20.0,27.9936,5.0,1.0,607.0,0.0,1,1
1336.0,0.0,2.51059,20.8565,20.0,27.9936,5.0,1.0,607.0,0.0,1,1
1340.0,0.0,2.50952,20.8565,20.0,27.9936,5.0,1.0,607.0,0.0,1,1
1344.0,0.0,2.50846,20.8565,20.0,27.9936,5.0,1.0,607.0,0.0,1,1
1348.0,0.0,2.50739,20.8565,20.0,27.9936,5.0,1.0,607.0,0.0,1,1
1352.0,0.0,2.50633,20.8565,20.0,27.9936,5.0,1.0,607.0,0.0,1,1
1356.0,0.0,2.50526,20.8565,20.0,27.9936,5.0,1.0,607.0,0.0,1,1
1360.0,0.0,2.5042,20.8565,20.0,27.9936,5.0,1.0,607.0,0.0,1,1
1364.0,0.0,2.50313,20.8565,20.0,27.9936,5.0,1.0,607.0,0.0,1,1
1368.0,0.0,2.50207,20.8565,20.0,27.9936,5.0,1.0,607.0,0.0,1,1
1372.0,0.0,2.501,20.8565,20.0,27.9936,5.0,1.0,607.0,0.0,1,1
1376.0,0.0,2.49994,20.8565,20.0,27.9936,5.0,1.0,607.0,0.0,1,1
1380.0,0.0,2.49887,20.8565,20.0,27.9936,5.0,1.0,607.0,0.0,1,1
1384.0,0.0,2.49781,20.8565,20.0,27.9936,5.0,1.0,607.0,0.0,1,1
1388.0,0.0,2.49675,20.8565,20.0,27.9936,5.0,1.0,607.0,0.0,1,1
1392.0,0.0,2.49568,20.8565,20.0,27.9936,5.0,1.0,607.0,0.0,1,1
1396.0,0.0,2.49462,20.8565,20.0,27.9936,5.0,1.0,607.0,0.0,1,1
1400.0,0.0,2.49355,20.8565,20.0,27.9936,5.0,1.0,607.0,0.0,1,1
1404.0,0.0,2.49249,20.8565,20.0,27.9936,5.0,1.0,607.0,0.0,1,1
1408.0,0.0,2.49142,20.8565,20.0,27.9936,5.0,1.0,607.0,0.0,1,1
1412.0,0.0,2.49036,20.8565,20.0,27.9936,5.0,1.0,607.0,0.0,1,1
1416.0,0.0,2.48929,20.8565,20.0,27.9936,5.0,1.0,607.0,0.0,1,1
1420.0,0.0,2.48823,20.8565,20.0,27.9936,5.0,1.0,607.0,0.0,1,1
1424.0,0.0,2.48716,20.8565,20.0,27.9936,5.0,1.0,607.0,0.0,1,1
1428.0,0.0,2.4861,20.8565,20.0,27.9936,5.0,1.0,607.0,0.0,1,1
1432.0,0.0,2.48503,20.8565,20.0,27.9936,5.0,1.0,607.0,0.0,1,1
1436.0,0.0,2.48397,20.8565,20.0,27.9936,5.0,1.0,607.0,0.0,1,1
1440.0,0.0,2.4829,20.8565,20.0,27.9936,5.0,1.0,607.0,0.0,1,1
1444.0,0.0,2.48184,20.8565,20.0,27.9936,5.0,1.0,607.0,0.0,1,1
1448.0,0.0,2.48077,20.8565,20.0,27.9936,5.0,1.0,607.0,0.0,1,1
1452.0,0.0,2.47971,20.8565,20.0,27.9936,5.0,1.0,607.0,0.0,1,1
1456.0,0.0,2.47864,20.8565,20.0,27.9936,5.0,1.0,607.0,0.0,1,1
1460.0,0.0,2.47758,20.8565,20.0,27.9936,5.0,1.0,607.0,0.0,1,1
1464.0,0.0,2.47651,20.8565,20.0,27.9936,5.0,1.0,607.0,0.0,1,1
1468.0,0.0,2.47545,20.8565,20.0,27.9936,5.0,1.0,607.0,0.0,1,1
1472.0,0.0,2.47438,20.8565,20.0,27.9936,5.0,1.0,607.0,0.0,1,1
1476.0,0.0,2.47332,20.8565,20.0,27.9936,5.0,1.0,607.0,0.0,1,1
1480.0,0.0,2.47226,20.8565,20.0,27.9936,5.0,1.0,607.0,0.0,1,1
1484.0,0.0,2.47119,20.8565,20.0,27.9936,5.0,1.0,607.0,0.0,1,1
1488.0,0.0,2.47013,20.8565,20.0,27.9936,5.0,1.0,607.0,0.0,1,1
1492.0,0.0,2.46906,20.8565,20.0,27.9936,5.0,1.0,607.0,0.0,1,1
1496.0,0.0,2.468,20.8565,20.0,27.9936,5.0,1.0,607.0,0.0,1,1
1500.0,0.0,2.46693,20.8565,20.0,27.9936,5.0,1.0,607.0,0.0,1,1
1504.0,0.0,2.46587,20.8565,20.0,27.9936,5.0,1.0,607.0,0.0,1,1
1508.0,0.0,2.4648,20.8565,20.0,27.9936,5.0,1.0,607.0,0.0,1,1
1512.0,0.0,2.46374,20.8565,20.0,27.9936,5.0,1.0,607.0,0.0,1,1
1516.0,0.0,2.46267,20.8565,20.0,27.9936,5.0,1.0,607.0,0.0,1,1
1520.0,0.0,2.46161,20.8565,20.0,27.9936,5.0,1.0,607.0,0.0,1,1
1524.0,0.0,2.46054,20.8565,20.0,27.9936,5.0,1.0,607.0,0.0,1,1
1528.0,0.0,2.45948,20.8565,20.0,27.9936,5.0,1.0,607.0,0.0,1,1
1532.0,0.0,2.45841,20.8565,20.0,27.9936,5.0,1.0,607.0,0.0,1,1
1536.0,0.0,2.45735,20.8565,20.0,27.9936,5.0,1.0,607.0,0.0,1,1
1540.0,0.0,2.45628,20.8565,20.0,27.9936,5.0,1.0,607.0,0.0,1,1
1544.0,0.0,2.45522,20.8565,20.0,27.9936,5.0,1.0,607.0,0.0,1,1
1548.0,0.0,2.45415,20.8565,20.0,27.9936,5.0,1.0,607.0,0.0,1,1
1552.0,0.0,2.45309,20.8565,20.0,27.9936,5.0,1.0,607.0,0.0,1,1
1556.0,0.0,2.45202,20.8565,20.0,27.9936,5.0,1.0,607.0,0.0,1,1
1560.0,0.0,2.45096,20.8565,20.0,27.9936,5.0,1.0,607.0,0.0,1,1
1564.0,0.0,2.4499,20.8565,20.0,27.9936,5.0,1.0,607.0,0.0,1,1
1568.0,0.0,2.44883,20.8565,20.0,27.9936,5.0,1.0,607.0,0.0,1,1
1572.0,0.0,2.44777,20.8565,20.0,27.9936,5.0,1.0,607.0,0.0,1,1
1576.0,0.0,2.4467,20.8565,20.0,27.9936,5.0,1.0,607.0,0.0,1,1
1580.0,0.0,2.44564,20.8565,20.0,27.9936,5.0,1.0,607.0,0.0,1,1
1584.0,0.0,2.44457,20.8565,20.0,27.9936,5.0,1.0,607.0,0.0,1,1
1588.0,0.0,2.44351,20.8565,20.0,27.9936,5.0,1.0,607.0,0.0,1,1
1592.0,0.0,2.44244,20.8565,20.0,27.9936,5.0,1.0,607.0,0.0,1,1
1596.0,0.0,2.44138,20.8565,20.0,27.9936,5.0,1.0,607.0,0.0,1,1
1600.0,0.0,2.44031,20.8565,20.0,27.9936,5.0,1.0,607.0,0.0,1,1
1604.0,0.0,2.43925,20.8565,20.0,27.9936,5.0,1.0,607.0,0.0,1,1
1608.0,0.0,2.43818,20.8565,20.0,27.9936,5.0,1.0,607.0,0.0,1,1
1612.0,0.0,2.43712,20.8565,20.0,27.9936,5.0,1.0,607.0,0.0,1,1
1616.0,0.0,2.43605,20.8565,20.0,27.9936,5.0,1.0,607.0,0.0,1,1
1620.0,0.0,2.43499,20.8565,20.0,27.9936,5.0,1.0,607.0,0.0,1,1
1624.0,0.0,2.43392,20.8565,20.0,27.9936,5.0,1.0,607.0,0.0,1,1
1628.0,0.0,2.43286,20.8565,20.0,27.9936,5.0,1.0,607.0,0.0,1,1
1632.0,0.0,2.43179,20.8565,20.0,27.9936,5.0,1.0,607.0,0.0,1,1
1636.0,0.0,2.43073,20.8565,20.0,27.9936,5.0,1.0,607.0,0.0,1,1
1640.0,0.0,2.42966,20.8565,20.0,27.9936,5.0,1.0,607.0,0.0,1,1
1644.0,0.0,2.4286,20.8565,20.0,27.9936,5.0,1.0,607.0,0.0,1,1
1648.0,0.0,2.42754,20.8565,20.0,27.9936,5.0,1.0,607.0,0.0,1,1
1652.0,0.0,2.42647,20.8565,20.0,27.9936,5.0,1.0,607.0,0.0,1,1
1656.0,0.0,2.42541,20.8565,20.0,27.9936,5.0,1.0,607.0,0.0,1,1
1660.0,0.0,2.42434,20.8565,20.0,27.9936,5.0,1.0,607.0,0.0,1,1
1664.0,0.0,2.42328,20.8565,20.0,27.9936,5.0,1.0,607.0,0.0,1,1
1668.0,0.0,2.42221,20.8565,20.0,27.9936,5.0,1.0,607.0,0.0,1,1
1672.0,0.0,2.42115,20.8565,20.0,27.9936,5.0,1.0,607.0,0.0,1,1
1676.0,0.0,2.42008,20.8565,20.0,27.9936,5.0,1.0,607.0,0.0,1,1
1680.0,0.0,2.41902,20.8565,20.0,27.9936,5.0,1.0,607.0,0.0,1,1
1684.0,0.0,2.41795,20.8565,20.0,27.9936,5.0,1.0,607.0,0.0,1,1
1688.0,0.0,2.41689,20.8565,20.0,27.9936,5.0,1.0,607.0,0.0,1,1
1692.0,0.0,2.41582,20.8565,20.0,27.9936,5.0,1.0,607.0,0.0,1,1
1696.0,0.0,2.41476,20.8565,20.0,27.9936,5.0,1.0,607.0,0.0,1,1
1700.0,0.0,2.41369,20.8565,20.0,27.9936,5.0,1.0,607.0,0.0,1,1
1704.0,0.0,2.41263,20.8565,20.0,27.9936,5.0,1.0,607.0,0.0,1,1
1708.0,0.0,2.41156,20.8565,20.0,27.9936,5.0,1.0,607.0,0.0,1,1
1712.0,0.0,2.4105,20.8565,20.0,27.9936,5.0,1.0,607.0,0.0,1,1
1716.0,0.0,2.40943,20.8565,20.0,27.9936,5.0,1.0,607.0,0.0,1,1
1720.0,0.0,2.40837,20.8565,20.0,27.9936,5.0,1.0,607.0,0.0,1,1
1724.0,0.0,2.4073,20.8565,20.0,27.9936,5.0,1.0,607.0,0.0,1,1
1728.0,0.0,2.40624,20.8565,20.0,27.9936,5.0,1.0,607.0,0.0,1,1
1732.0,0.0,2.40517,20.8565,20.0,27.9936,5.0,1.0,607.0,0.0,1,1
1736.0,0.0,2.40411,20.8565,20.0,27.9936,5.0,1.0,607.0,0.0,1,1
1740.0,0.0,2.40305,20.8565,20.0,27.9936,5.0,1.0,607.0,0.0,1,1
1744.0,0.0,2.40198,20.8565,20.0,27.9936,5.0,1.0,607.0,0.0,1,1
1748.0,0.0,2.40092,20.8565,20.0,27.9936,5.0,1.0,607.0,0.0,1,1
1752.0,0.0,2.39985,20.8565,20.0,27.9936,5.0,1.0,607.0,0.0,1,1
1756.0,0.0,2.39879,20.8565,20.0,27.9936,5.0,1.0,607.0,0.0,1,1
1760.0,0.0,2.39772,20.8565,20.0,27.9936,5.0,1.0,607.0,0.0,1,1
1764.0,0.0,2.39666,20.8565,20.0,27.9936,5.0,1.0,607.0,0.0,1,1
1768.0,0.0,2.39559,20.8565,20.0,27.9936,5.0,1.0,607.0,0.0,1,1
1772.0,0.0,2.39453,20.8565,20.0,27.9936,5.0,1.0,607.0,0.0,1,1
1776.0,0.0,2.39346,20.8565,20.0,27.9936,5.0,1.0,607.0,0.0,1,1
1780.0,0.0,2.3924,20.8565,20.0,27.9936,5.0,1.0,607.0,0.0,1,1
1784.0,0.0,2.39133,20.8565,20.0,27.9936,5.0,1.0,607.0,0.0,1,1
1788.0,0.0,2.39027,20.8565,20.0,27.9936,5.0,1.0,607.0,0.0,1,1
1792.0,0.0,2.3892,20.8565,20.0,27.9936,5.0,1.0,607.0,0.0,1,1
1796.0,0.0,2.38814,20.8565,20.0,27.9936,5.0,1.0,607.0,0.0,1,1
1800.0,0.0,2.38707,20.8565,20.0,27.9936,5.0,1.0,607.0,0.0,1,1
1804.0,0.0,2.38601,20.8565,20.0,27.9936,5.0,1.0,607.0,0.0,1,1
1808.0,0.0,2.38494,20.8565,20.0,27.9936,5.0,1.0,607.0,0.0,1,1
1812.0,0.0,2.38388,20.8565,20.0,27.9936,5.0,1.0,607.0,0.0,1,1
1816.0,0.0,2.38281,20.8565,20.0,27.9936,5.0,1.0,607.0,0.0,1,1
1820.0,0.0,2.38175,20.8565,20.0,27.9936,5.0,1.0,607.0,0.0,1,1
1824.0,0.0,2.38069,20.8565,20.0,27.9936,5.0,1.0,607.0,0.0,1,1
1828.0,0.0,2.37962,20.8565,20.0,27.9936,5.0,1.0,607.0,0.0,1,1
1832.0,0.0,2.37856,20.8565,20.0,27.9936,5.0,1.0,607.0,0.0,1,1
1836.0,0.0,2.37749,20.8565,20.0,27.9936,5.0,1.0,607.0,0.0,1,1
1840.0,0.0,2.37643,20.8565,20.0,27.9936,5.0,1.0,607.0,0.0,1,1
1844.0,0.0,2.37536,20.8565,20.0,27.9936,5.0,1.0,607.0,0.0,1,1
1848.0,0.0,2.3743,20.8565,20.0,27.9936,5.0,1.0,607.0,0.0,1,1
1852.0,0.0,2.37323,20.8565,20.0,27.9936,5.0,1.0,607.0,0.0,1,1
1856.0,0.0,2.37217,20.8565,20.0,27.9936,5.0,1.0,607.0,0.0,1,1
1860.0,0.0,2.3711,20.8565,20.0,27.9936,5.0,1.0,607.0,0.0,1,1
1864.0,0.0,2.37004,20.8565,20.0,27.9936,5.0,1.0,607.0,0.0,1,1
1868.0,0.0,2.36897,20.8565,20.0,27.9936,5.0,1.0,607.0,0.0,1,1
1872.0,0.0,2.36791,20.8565,20.0,27.9936,5.0,1.0,607.0,0.0,1,1
1876.0,0.0,2.36684,20.8565,20.0,27.9936,5.0,1.0,607.0,0.0,1,1
1880.0,0.0,2.36578,20.8565,20.0,27.9936,5.0,1.0,607.0,0.0,1,1
1884.0,0.0,2.36471,20.8565,20.0,27.9936,5.0,1.0,607.0,0.0,1,1
1888.0,0.0,2.36365,20.8565,20.0,27.9936,5.0,1.0,607.0,0.0,1,1
1892.0,0.0,2.36258,20.8565,20.0,27.9936,5.0,1.0,607.0,0.0,1,1
1896.0,0.0,2.36152,20.8565,20.0,27.9936,5.0,1.0,607.0,0.0,1,1
1900.0,0.0,2.36045,20.8565,20.0,27.9936,5.0,1.0,607.0,0.0,1,1
1904.0,0.0,2.35939,20.8565,20.0,27.9936,5.0,1.0,607.0,0.0,1,1
1908.0,0.0,2.35833,20.8565,20.0,27.9936,5.0,1.0,607.0,0.0,1,1
1912.0,0.0,2.35726,20.8565,20.0,27.9936,5.0,1.0,607.0,0.0,1,1
1916.0,0.0,2.3562,20.8565,20.0,27.9936,5.0,1.0,607.0,0.0,1,1
1920.0,0.0,2.35513,20.8565,20.0,27.9936,5.0,1.0,607.0,0.0,1,1
1924.0,0.0,2.35407,20.8565,20.0,27.9936,5.0,1.0,607.0,0.0,1,1
1928.0,0.0,2.353,20.8565,20.0,27.9936,5.0,1.0,607.0,0.0,1,1
1932.0,0.0,2.35194,20.8565,20.0,27.9936,5.0,1.0,607.0,0.0,1,1
1936.0,0.0,2.35087,20.8565,20.0,27.9936,5.0,1.0,607.0,0.0,1,1
1940.0,0.0,2.34981,20.8565,20.0,27.9936,5.0,1.0,607.0,0.0,1,1
1944.0,0.0,2.34874,20.8565,20.0,27.9936,5.0,1.0,607.0,0.0,1,1
1948.0,0.0,2.34768,20.8565,20.0,27.9936,5.0,1.0,607.0,0.0,1,1
1952.0,0.0,2.34661,20.8565,20.0,27.9936,5.0,1.0,607.0,0.0,1,1
1956.0,0.0,2.34555,20.8565,20.0,27.9936,5.0,1.0,607.0,0.0,1,1
1960.0,0.0,2.34448,20.8565,20.0,27.9936,5.0,1.0,607.0,0.0,1,1
1964.0,0.0,2.34342,20.8565,20.0,27.9936,5.0,1.0,607.0,0.0,1,1
1968.0,0.0,2.34235,20.8565,20.0,27.9936,5.0,1.0,607.0,0.0,1,1
1972.0,0.0,2.34129,20.8565,20.0,27.9936,5.0,1.0,607.0,0.0,1,1
1976.0,0.0,2.34022,20.8565,20.0,27.9936,5.0,1.0,607.0,0.0,1,1
1980.0,0.0,2.33916,20.8565,20.0,27.9936,5.0,1.0,607.0,0.0,1,1
1984.0,0.0,2.33809,20.8565,20.0,27.9936,5.0,1.0,607.0,0.0,1,1
1988.0,0.0,2.33703,20.8565,20.0,27.9936,5.0,1.0,607.0,0.0,1,1
1992.0,0.0,2.33597,20.8565,20.0,27.9936,5.0,1.0,607.0,0.0,1,1
1996.0,0.0,2.3349,20.8565,20.0,27.9936,5.0,1.0,607.0,0.0,1,1
2000.0,0.0,2.33384,20.8565,20.0,27.9936,5.0,1.0,607.0,0.0,1,1
2004.0,0.0,2.33277,20.8565,20.0,27.9936,5.0,1.0,607.0,0.0,1,1
2008.0,0.0,2.33171,20.8565,20.0,27.9936,5.0,1.0,607.0,0.0,1,1
2012.0,0.0,2.33064,20.8565,20.0,27.9936,5.0,1.0,607.0,0.0,1,1
2016.0,0.0,2.32958,20.8565,20.0,27.9936,5.0,1.0,607.0,0.0,1,1
2020.0,0.0,2.32851,20.8565,20.0,27.9936,5.0,1.0,607.0,0.0,1,1
2024.0,0.0,2.32745,20.8565,20.0,27.9936,5.0,1.0,607.0,0.0,1,1
2028.0,0.0,2.32638,20.8565,20.0,27.9936,5.0,1.0,607.0,0.0,1,1
2032.0,0.0,2.32532,20.8565,20.0,27.9936,5.0,1.0,607.0,0.0,1,1
2036.0,0.0,2.32425,20.8565,20.0,27.9936,5.0,1.0,607.0,0.0,1,1
2040.0,0.0,2.32319,20.8565,20.0,27.9936,5.0,1.0,607.0,0.0,1,1
2044.0,0.0,2.32212,20.8565,20.0,27.9936,5.0,1.0,607.0,0.0,1,1
2048.0,0.0,2.32106,20.8565,20.0,27.9936,5.0,1.0,607.0,0.0,1,1
2052.0,0.0,2.31999,20.8565,20.0,27.9936,5.0,1.0,607.0,0.0,1,1
2056.0,0.0,2.31893,20.8565,20.0,27.9936,5.0,1.0,607.0,0.0,1,1
2060.0,0.0,2.31786,20.8565,20.0,27.9936,5.0,1.0,607.0,0.0,1,1
2064.0,0.0,2.3168,20.8565,20.0,27.9936,5.0,1.0,607.0,0.0,1,1
2068.0,0.0,2.31573,20.8565,20.0,27.9936,5.0,1.0,607.0,0.0,1,1
2072.0,0.0,2.31467,20.8565,20.0,27.9936,5.0,1.0,607.0,0.0,1,1
2076.0,0.0,2.3136,20.8565,20.0,27.9936,5.0,1.0,607.0,0.0,1,1
2080.0,0.0,2.31254,20.8565,20.0,27.9936,5.0,1.0,607.0,0.0,1,1
2084.0,0.0,2.31148,20.8565,20.0,27.9936,5.0,1.0,607.0,0.0,1,1
2088.0,0.0,2.31041,20.8565,20.0,27.9936,5.0,1.0,607.0,0.0,1,1
2092.0,0.0,2.30935,20.8565,20.0,27.9936,5.0,1.0,607.0,0.0,1,1
2096.0,0.0,2.30828,20.8565,20.0,27.9936,5.0,1.0,607.0,0.0,1,1
2100.0,0.0,2.30722,20.8565,20.0,27.9936,5.0,1.0,607.0,0.0,1,1
2104.0,0.0,2.30615,20.8565,20.0,27.9936,5.0,1.0,607.0,0.0,1,1
2108.0,0.0,2.30509,20.8565,20.0,27.9936,5.0,1.0,607.0,0.0,1,1
2112.0,0.0,2.30402,20.8565,20.0,27.9936,5.0,1.0,607.0,0.0,1,1
2116.0,0.0,2.30296,20.8565,20.0,27.9936,5.0,1.0,607.0,0.0,1,1
2120.0,0.0,2.30189,20.8565,20.0,27.9936,5.0,1.0,607.0,0.0,1,1
2124.0,0.0,2.30083,20.8565,20.0,27.9936,5.0,1.0,607.0,0.0,1,1
2128.0,0.0,2.29976,20.8565,20.0,27.9936,5.0,1.0,607.0,0.0,1,1
2132.0,0.0,2.2987,20.8565,20.0,27.9936,5.0,1.0,607.0,0.0,1,1
2136.0,0.0,2.29763,20.8565,20.0,27.9936,5.0,1.0,607.0,0.0,1,1
2140.0,0.0,2.29657,20.8565,20.0,27.9936,5.0,1.0,607.0,0.0,1,1
2144.0,0.0,2.2955,20.8565,20.0,27.9936,5.0,1.0,607.0,0.0,1,1
2148.0,0.0,2.29444,20.8565,20.0,27.9936,5.0,1.0,607.0,0.0,1,1
2152.0,0.0,2.29337,20.8565,20.0,27.9936,5.0,1.0,607.0,0.0,1,1
2156.0,0.0,2.29231,20.8565,20.0,27.9936,5.0,1.0,607.0,0.0,1,1
2160.0,0.0,2.29124,20.8565,20.0,27.9936,5.0,1.0,607.0,0.0,1,1
2164.0,0.0,2.29018,20.8565,20.0,27.9936,5.0,1.0,607.0,0.0,1,1
2168.0,0.0,2.28912,20.8565,20.0,27.9936,5.0,1.0,607.0,0.0,1,1
2172.0,0.0,2.28805,20.8565,20.0,27.9936,5.0,1.0,607.0,0.0,1,1
2176.0,0.0,2.28699,20.8565,20.0,27.9936,5.0,1.0,607.0,0.0,1,1
2180.0,0.0,2.28592,20.8565,20.0,27.9936,5.0,1.0,607.0,0.0,1,1
2184.0,0.0,2.28486,20.8565,20.0,27.9936,5.0,1.0,607.0,0.0,1,1
2188.0,0.0,2.28379,20.8565,20.0,27.9936,5.0,1.0,607.0,0.0,1,1
2192.0,0.0,2.28273,20.8565,20.0,27.9936,5.0,1.0,607.0,0.0,1,1
2196.0,0.0,2.28166,20.8565,20.0,27.9936,5.0,1.0,607.0,0.0,1,1
2200.0,0.0,2.2806,20.8565,20.0,27.9936,5.0,1.0,607.0,0.0,1,1
2204.0,0.0,2.27953,20.8565,20.0,27.9936,5.0,1.0,607.0,0.0,1,1
2208.0,0.0,2.27847,20.8565,20.0,27.9936,5.0,1.0,607.0,0.0,1,1
2212.0,0.0,2.2774,20.8565,20.0,27.9936,5.0,1.0,607.0,0.0,1,1
2216.0,0.0,2.27634,20.8565,20.0,27.9936,5.0,1.0,607.0,0.0,1,1
2220.0,0.0,2.27527,20.8565,20.0,27.9936,5.0,1.0,607.0,0.0,1,1
2224.0,0.0,2.27421,20.8565,20.0,27.9936,5.0,1.0,607.0,0.0,1,1
2228.0,0.0,2.27314,20.8565,20.0,27.9936,5.0,1.0,607.0,0.0,1,1
2232.0,0.0,2.27208,20.8565,20.0,27.9936,5.0,1.0,607.0,0.0,1,1
2236.0,0.0,2.27101,20.8565,20.0,27.9936,5.0,1.0,607.0,0.0,1,1
2240.0,0.0,2.26995,20.8565,20.0,27.9936,5.0,1.0,607.0,0.0,1,1
2244.0,0.0,2.26888,20.8565,20.0,27.9936,5.0,1.0,607.0,0.0,1,1
2248.0,0.0,2.26782,20.8565,20.0,27.9936,5.0,1.0,607.0,0.0,1,1
2252.0,0.0,2.26676,20.8565,20.0,27.9936,5.0,1.0,607.0,0.0,1,1
2256.0,0.0,2.26569,20.8565,20.0,27.9936,5.0,1.0,607.0,0.0,1,1
2260.0,0.0,2.26463,20.8565,20.0,27.9936,5.0,1.0,607.0,0.0,1,1
2264.0,0.0,2.26356,20.8565,20.0,27.9936,5.0,1.0,607.0,0.0,1,1
2268.0,0.0,2.2625,20.8565,20.0,27.9936,5.0,1.0,607.0,0.0,1,1
2272.0,0.0,2.26143,20.8565,20.0,27.9936,5.0,1.0,607.0,0.0,1,1
2276.0,0.0,2.26037,20.8565,20.0,27.9936,5.0,1.0,607.0,0.0,1,1
2280.0,0.0,2.2593,20.8565,20.0,27.9936,5.0,1.0,607.0,0.0,1,1
2284.0,0.0,2.25824,20.8565,20.0,27.9936,5.0,1.0,607.0,0.0,1,1
2288.0,0.0,2.25717,20.8565,20.0,27.9936,5.0,1.0,607.0,0.0,1,1
2292.0,0.0,2.25611,20.8565,20.0,27.9936,5.0,1.0,607.0,0.0,1,1
2296.0,0.0,2.25504,20.8565,20.0,27.9936,5.0,1.0,607.0,0.0,1,1
2300.0,0.0,2.25398,20.8565,20.0,27.9936,5.0,1.0,607.0,0.0,1,1
2304.0,0.0,2.25291,20.8565,20.0,27.9936,5.0,1.0,607.0,0.0,1,1
2308.0,0.0,2.25185,20.8565,20.0,27.9936,5.0,1.0,607.0,0.0,1,1
2312.0,0.0,2.25078,20.8565,20.0,27.9936,5.0,1.0,607.0,0.0,1,1
2316.0,0.0,2.24972,20.8565,20.0,27.9936,5.0,1.0,607.0,0.0,1,1
2320.0,0.0,2.24865,20.8565,20.0,27.9936,5.0,1.0,607.0,0.0,1,1
2324.0,0.0,2.24759,20.8565,20.0,27.9936,5.0,1.0,607.0,0.0,1,1
2328.0,0.0,2.24652,20.8565,20.0,27.9936,5.0,1.0,607.0,0.0,1,1
2332.0,0.0,2.24546,20.8565,20.0,27.9936,5.0,1.0,607.0,0.0,1,1
2336.0,0.0,2.24439,20.8565,20.0,27.9936,5.0,1.0,607.0,0.0,1,1
2340.0,0.0,2.24333,20.8565,20.0,27.9936,5.0,1.0,607.0,0.0,1,1
2344.0,0.0,2.24227,20.8565,20.0,27.9936,5.0,1.0,607.0,0.0,1,1
2348.0,0.0,2.2412,20.8565,20.0,27.9936,5.0,1.0,607.0,0.0,1,1
2352.0,0.0,2.24014,20.8565,20.0,27.9936,5.0,1.0,607.0,0.0,1,1
2356.0,0.0,2.23907,20.8565,20.0,27.9936,5.0,1.0,607.0,0.0,1,1
2360.0,0.0,2.23801,20.8565,20.0,27.9936,5.0,1.0,607.0,0.0,1,1
2364.0,0.0,2.23694,20.8565,20.0,27.9936,5.0,1.0,607.0,0.0,1,1
2368.0,0.0,2.23588,20.8565,20.0,27.9936,5.0,1.0,607.0,0.0,1,1
2372.0,0.0,2.23481,20.8565,20.0,27.9936,5.0,1.0,607.0,0.0,1,1
2376.0,0.0,2.23375,20.8565,20.0,27.9936,5.0,1.0,607.0,0.0,1,1
2380.0,0.0,2.23268,20.8565,20.0,27.9936,5.0,1.0,607.0,0.0,1,1
2384.0,0.0,2.23162,20.8565,20.0,27.9936,5.0,1.0,607.0,0.0,1,1
2388.0,0.0,2.23055,20.8565,20.0,27.9936,5.0,1.0,607.0,0.0,1,1
2392.0,0.0,2.22949,20.8565,20.0,27.9936,5.0,1.0,607.0,0.0,1,1
2396.0,0.0,2.22842,20.8565,20.0,27.9936,5.0,1.0,607.0,0.0,1,1
2400.0,0.0,2.22736,20.8565,20.0,27.9936,5.0,1.0,607.0,0.0,1,1
2404.0,0.0,2.22629,20.8565,20.0,27.9936,5.0,1.0,607.0,0.0,1,1
2408.0,0.0,2.22523,20.8565,20.0,27.9936,5.0,1.0,607.0,0.0,1,1
2412.0,0.0,2.22416,20.8565,20.0,27.9936,5.0,1.0,607.0,0.0,1,1
2416.0,0.0,2.2231,20.8565,20.0,27.9936,5.0,1.0,607.0,0.0,1,1
2420.0,0.0,2.22203,20.8565,20.0,27.9936,5.0,1.0,607.0,0.0,1,1
2424.0,0.0,2.22097,20.8565,20.0,27.9936,5.0,1.0,607.0,0.0,1,1
2428.0,0.0,2.21991,20.8565,20.0,27.9936,5.0,1.0,607.0,0.0,1,1
2432.0,0.0,2.21884,20.8565,20.0,27.9936,5.0,1.0,607.0,0.0,1,1
2436.0,0.0,2.21778,20.8565,20.0,27.9936,5.0,1.0,607.0,0.0,1,1
2440.0,0.0,2.21671,20.8565,20.0,27.9936,5.0,1.0,607.0,0.0,1,1
2444.0,0.0,2.21565,20.8565,20.0,27.9936,5.0,1.0,607.0,0.0,1,1
2448.0,0.0,2.21458,20.8565,20.0,27.9936,5.0,1.0,607.0,0.0,1,1
2452.0,0.0,2.21352,20.8565,20.0,27.9936,5.0,1.0,607.0,0.0,1,1
2456.0,0.0,2.21245,20.8565,20.0,27.9936,5.0,1.0,607.0,0.0,1,1
2460.0,0.0,2.21139,20.8565,20.0,27.9936,5.0,1.0,607.0,0.0,1,1
2464.0,0.0,2.21032,20.8565,20.0,27.9936,5.0,1.0,607.0,0.0,1,1
2468.0,0.0,2.20926,20.8565,20.0,27.9936,5.0,1.0,607.0,0.0,1,1
2472.0,0.0,2.20819,20.8565,20.0,27.9936,5.0,1.0,607.0,0.0,1,1
2476.0,0.0,2.20713,20.8565,20.0,27.9936,5.0,1.0,607.0,0.0,1,1
2480.0,0.0,2.20606,20.8565,20.0,27.9936,5.0,1.0,607.0,0.0,1,1
2484.0,0.0,2.205,20.8565,20.0,27.9936,5.0,1.0,607.0,0.0,1,1
2488.0,0.0,2.20393,20.8565,20.0,27.9936,5.0,1.0,607.0,0.0,1,1
2492.0,0.0,2.20287,20.8565,20.0,27.9936,5.0,1.0,607.0,0.0,1,1
2496.0,0.0,2.2018,20.8565,20.0,27.9936,5.0,1.0,607.0,0.0,1,1
2500.0,0.0,2.20074,20.8565,20.0,27.9936,5.0,1.0,607.0,0.0,1,1
2504.0,0.0,2.19967,20.8565,20.0,27.9936,5.0,1.0,607.0,0.0,1,1
2508.0,0.0,2.19861,20.8565,20.0,27.9936,5.0,1.0,607.0,0.0,1,1
2512.0,0.0,2.19755,20.8565,20.0,27.9936,5.0,1.0,607.0,0.0,1,1
2516.0,0.0,2.19648,20.8565,20.0,27.9936,5.0,1.0,607.0,0.0,1,1
2520.0,0.0,2.19542,20.8565,20.0,27.9936,5.0,1.0,607.0,0.0,1,1
2524.0,0.0,2.19435,20.8565,20.0,27.9936,5.0,1.0,607.0,0.0,1,1
2528.0,0.0,2.19329,20.8565,20.0,27.9936,5.0,1.0,607.0,0.0,1,1
2532.0,0.0,2.19222,20.8565,20.0,27.9936,5.0,1.0,607.0,0.0,1,1
2536.0,0.0,2.19116,20.8565,20.0,27.9936,5.0,1.0,607.0,0.0,1,1
2540.0,0.0,2.19009,20.8565,20.0,27.9936,5.0,1.0,607.0,0.0,1,1
2544.0,0.0,2.18903,20.8565,20.0,27.9936,5.0,1.0,607.0,0.0,1,1
2548.0,0.0,2.18796,20.8565,20.0,27.9936,5.0,1.0,607.0,0.0,1,1
2552.0,0.0,2.1869,20.8565,20.0,27.9936,5.0,1.0,607.0,0.0,1,1
2556.0,0.0,2.18583,20.8565,20.0,27.9936,5.0,1.0,607.0,0.0,1,1
2560.0,0.0,2.18477,20.8565,20.0,27.9936,5.0,1.0,607.0,0.0,1,1
2564.0,0.0,2.1837,20.8565,20.0,27.9936,5.0,1.0,607.0,0.0,1,1
2568.0,0.0,2.18264,20.8565,20.0,27.9936,5.0,1.0,607.0,0.0,1,1
2572.0,0.0,2.18157,20.8565,20.0,27.9936,5.0,1.0,607.0,0.0,1,1
2576.0,0.0,2.18051,20.8565,20.0,27.9936,5.0,1.0,607.0,0.0,1,1
2580.0,0.0,2.17944,20.8565,20.0,27.9936,5.0,1.0,607.0,0.0,1,1
2584.0,0.0,2.17838,20.8565,20.0,27.9936,5.0,1.0,607.0,0.0,1,1
2588.0,0.0,2.17731,20.8565,20.0,27.9936,5.0,1.0,607.0,0.0,1,1
2592.0,0.0,2.17625,20.8565,20.0,27.9936,5.0,1.0,607.0,0.0,1,1
2596.0,0.0,2.17518,20.8565,20.0,27.9936,5.0,1.0,607.0,0.0,1,1
2600.0,0.0,2.17412,20.8565,20.0,27.9936,5.0,1.0,607.0,0.0,1,1
2604.0,0.0,2.17306,20.8565,20.0,27.9936,5.0,1.0,607.0,0.0,1,1
2608.0,0.0,2.17199,20.8565,20.0,27.9936,5.0,1.0,607.0,0.0,1,1
2612.0,0.0,2.17093,20.8565,20.0,27.9936,5.0,1.0,607.0,0.0,1,1
2616.0,0.0,2.16986,20.8565,20.0,27.9936,5.0,1.0,607.0,0.0,1,1
2620.0,0.0,2.1688,20.8565,20.0,27.9936,5.0,1.0,607.0,0.0,1,1
2624.0,0.0,2.16773,20.8565,20.0,27.9936,5.0,1.0,607.0,0.0,1,1
2628.0,0.0,2.16667,20.8565,20.0,27.9936,5.0,1.0,607.0,0.0,1,1
2632.0,0.0,2.1656,20.8565,20.0,27.9936,5.0,1.0,607.0,0.0,1,1
2636.0,0.0,2.16454,20.8565,20.0,27.9936,5.0,1.0,607.0,0.0,1,1
2640.0,0.0,2.16347,20.8565,20.0,27.9936,5.0,1.0,607.0,0.0,1,1
2644.0,0.0,2.16241,20.8565,20.0,27.9936,5.0,1.0,607.0,0.0,1,1
2648.0,0.0,2.16134,20.8565,20.0,27.9936,5.0,1.0,607.0,0.0,1,1
2652.0,0.0,2.16028,20.8565,20.0,27.9936,5.0,1.0,607.0,0.0,1,1
2656.0,0.0,2.15921,20.8565,20.0,27.9936,5.0,1.0,607.0,0.0,1,1
2660.0,0.0,2.15815,20.8565,20.0,27.9936,5.0,1.0,607.0,0.0,1,1
2664.0,0.0,2.15708,20.8565,20.0,27.9936,5.0,1.0,607.0,0.0,1,1
2668.0,0.0,2.15602,20.8565,20.0,27.9936,5.0,1.0,607.0,0.0,1,1
2672.0,0.0,2.15495,20.8565,20.0,27.9936,5.0,1.0,607.0,0.0,1,1
2676.0,0.0,2.15389,20.8565,20.0,27.9936,5.0,1.0,607.0,0.0,1,1
2680.0,0.0,2.15282,20.8565,20.0,27.9936,5.0,1.0,607.0,0.0,1,1
2684.0,0.0,2.15176,20.8565,20.0,27.9936,5.0,1.0,607.0,0.0,1,1
2688.0,0.0,2.1507,20.8565,20.0,27.9936,5.0,1.0,607.0,0.0,1,1
2692.0,0.0,2.14963,20.8565,20.0,27.9936,5.0,1.0,607.0,0.0,1,1
2696.0,0.0,2.14857,20.8565,20.0,27.9936,5.0,1.0,607.0,0.0,1,1
2700.0,0.0,2.1475,20.8565,20.0,27.9936,5.0,1.0,607.0,0.0,1,1
2704.0,0.0,2.14644,20.8565,20.0,27.9936,5.0,1.0,607.0,0.0,1,1
2708.0,0.0,2.14537,20.8565,20.0,27.9936,5.0,1.0,607.0,0.0,1,1
2712.0,0.0,2.14431,20.8565,20.0,27.9936,5.0,1.0,607.0,0.0,1,1
2716.0,0.0,2.14324,20.8565,20.0,27.9936,5.0,1.0,607.0,0.0,1,1
2720.0,0.0,2.14218,20.8565,20.0,27.9936,5.0,1.0,607.0,0.0,1,1
2724.0,0.0,2.14111,20.8565,20.0,27.9936,5.0,1.0,607.0,0.0,1,1
2728.0,0.0,2.14005,20.8565,20.0,27.9936,5.0,1.0,607.0,0.0,1,1
2732.0,0.0,2.13898,20.8565,20.0,27.9936,5.0,1.0,607.0,0.0,1,1
2736.0,0.0,2.13792,20.8565,20.0,27.9936,5.0,1.0,607.0,0.0,1,1
2740.0,0.0,2.13685,20.8565,20.0,27.9936,5.0,1.0,607.0,0.0,1,1
2744.0,0.0,2.13579,20.8565,20.0,27.9936,5.0,1.0,607.0,0.0,1,1
2748.0,0.0,2.13472,20.8565,20.0,27.9936,5.0,1.0,607.0,0.0,1,1
2752.0,0.0,2.13366,20.8565,20.0,27.9936,5.0,1.0,607.0,0.0,1,1
2756.0,0.0,2.13259,20.8565,20.0,27.9936,5.0,1.0,607.0,0.0,1,1
2760.0,0.0,2.13153,20.8565,20.0,27.9936,5.0,1.0,607.0,0.0,1,1
2764.0,0.0,2.13046,20.8565,20.0,27.9936,5.0,1.0,607.0,0.0,1,1
2768.0,0.0,2.1294,20.8565,20.0,27.9936,5.0,1.0,607.0,0.0,1,1
2772.0,0.0,2.12834,20.8565,20.0,27.9936,5.0,1.0,607.0,0.0,1,1
2776.0,0.0,2.12727,20.8565,20.0,27.9936,5.0,1.0,607.0,0.0,1,1
2780.0,0.0,2.12621,20.8565,20.0,27.9936,5.0,1.0,607.0,0.0,1,1
2784.0,0.0,2.12514,20.8565,20.0,27.9936,5.0,1.0,607.0,0.0,1,1
2788.0,0.0,2.12408,20.8565,20.0,27.9936,5.0,1.0,607.0,0.0,1,1
2792.0,0.0,2.12301,20.8565,20.0,27.9936,5.0,1.0,607.0,0.0,1,1
2796.0,0.0,2.12195,20.8565,20.0,27.9936,5.0,1.0,607.0,0.0,1,1
2800.0,0.0,2.12088,20.8565,20.0,27.9936,5.0,1.0,607.0,0.0,1,1
2804.0,0.0,2.11982,20.8565,20.0,27.9936,5.0,1.0,607.0,0.0,1,1
2808.0,0.0,2.11875,20.8565,20.0,27.9936,5.0,1.0,607.0,0.0,1,1
2812.0,0.0,2.11769,20.8565,20.0,27.9936,5.0,1.0,607.0,0.0,1,1
2816.0,0.0,2.11662,20.8565,20.0,27.9936,5.0,1.0,607.0,0.0,1,1
2820.0,0.0,2.11556,20.8565,20.0,27.9936,5.0,1.0,607.0,0.0,1,1
2824.0,0.0,2.11449,20.8565,20.0,27.9936,5.0,1.0,607.0,0.0,1,1
2828.0,0.0,2.11343,20.8565,20.0,27.9936,5.0,1.0,607.0,0.0,1,1
2832.0,0.0,2.11236,20.8565,20.0,27.9936,5.0,1.0,607.0,0.0,1,1
2836.0,0.0,2.1113,20.8565,20.0,27.9936,5.0,1.0,607.0,0.0,1,1
2840.0,0.0,2.11023,20.8565,20.0,27.9936,5.0,1.0,607.0,0.0,1,1
2844.0,0.0,2.10917,20.8565,20.0,27.9936,5.0,1.0,607.0,0.0,1,1
2848.0,0.0,2.1081,20.8565,20.0,27.9936,5.0,1.0,607.0,0.0,1,1
2852.0,0.0,2.10704,20.8565,20.0,27.9936,5.0,1.0,607.0,0.0,1,1
2856.0,0.0,2.10598,20.8565,20.0,27.9936,5.0,1.0,607.0,0.0,1,1
2860.0,0.0,2.10491,20.8565,20.0,27.9936,5.0,1.0,607.0,0.0,1,1
2864.0,0.0,2.10385,20.8565,20.0,27.9936,5.0,1.0,607.0,0.0,1,1
2868.0,0.0,2.10278,20.8565,20.0,27.9936,5.0,1.0,607.0,0.0,1,1
2872.0,0.0,2.10172,20.8565,20.0,27.9936,5.0,1.0,607.0,0.0,1,1
2876.0,0.0,2.10065,20.8565,20.0,27.9936,5.0,1.0,607.0,0.0,1,1
2880.0,0.0,2.09959,20.8565,20.0,27.9936,5.0,1.0,607.0,0.0,1,1
2884.0,0.0,2.09852,20.8565,20.0,27.9936,5.0,1.0,607.0,0.0,1,1
2888.0,0.0,2.09746,20.8565,20.0,27.9936,5.0,1.0,607.0,0.0,1,1
2892.0,0.0,2.09639,20.8565,20.0,27.9936,5.0,1.0,607.0,0.0,1,1
2896.0,0.0,2.09533,20.8565,20.0,27.9936,5.0,1.0,607.0,0.0,1,1
2900.0,0.0,2.09426,20.8565,20.0,27.9936,5.0,1.0,607.0,0.0,1,1
2904.0,0.0,2.0932,20.8565,20.0,27.9936,5.0,1.0,607.0,0.0,1,1
2908.0,0.0,2.09213,20.8565,20.0,27.9936,5.0,1.0,607.0,0.0,1,1
2912.0,0.0,2.09107,20.8565,20.0,27.9936,5.0,1.0,607.0,0.0,1,1
2916.0,0.0,2.09,20.8565,20.0,27.9936,5.0,1.0,607.0,0.0,1,1
2920.0,0.0,2.08894,20.8565,20.0,27.9936,5.0,1.0,607.0,0.0,1,1
2924.0,0.0,2.08787,20.8565,20.0,27.9936,5.0,1.0,607.0,0.0,1,1
2928.0,0.0,2.08681,20.8565,20.0,27.9936,5.0,1.0,607.0,0.0,1,1
2932.0,0.0,2.08574,20.8565,20.0,27.9936,5.0,1.0,607.0,0.0,1,1
2936.0,0.0,2.08468,20.8565,20.0,27.9936,5.0,1.0,607.0,0.0,1,1
2940.0,0.0,2.08361,20.8565,20.0,27.9936,5.0,1.0,607.0,0.0,1,1
2944.0,0.0,2.08255,20.8565,20.0,27.9936,5.0,1.0,607.0,0.0,1,1
2948.0,0.0,2.08149,20.8565,20.0,27.9936,5.0,1.0,607.0,0.0,1,1
2952.0,0.0,2.08042,20.8565,20.0,27.9936,5.0,1.0,607.0,0.0,1,1
2956.0,0.0,2.07936,20.8565,20.0,27.9936,5.0,1.0,607.0,0.0,1,1
2960.0,0.0,2.07829,20.8565,20.0,27.9936,5.0,1.0,607.0,0.0,1,1
2964.0,0.0,2.07723,20.8565,20.0,27.9936,5.0,1.0,607.0,0.0,1,1
2968.0,0.0,2.07616,20.8565,20.0,27.9936,5.0,1.0,607.0,0.0,1,1
2972.0,0.0,2.0751,20.8565,20.0,27.9936,5.0,1.0,607.0,0.0,1,1
2976.0,0.0,2.07403,20.8565,20.0,27.9936,5.0,1.0,607.0,0.0,1,1
2980.0,0.0,2.07297,20.8565,20.0,27.9936,5.0,1.0,607.0,0.0,1,1
2984.0,0.0,2.0719,20.8565,20.0,27.9936,5.0,1.0,607.0,0.0,1,1
2988.0,0.0,2.07084,20.8565,20.0,27.9936,5.0,1.0,607.0,0.0,1,1
2992.0,0.0,2.06977,20.8565,20.0,27.9936,5.0,1.0,607.0,0.0,1,1
2996.0,0.0,2.06871,20.8565,20.0,27.9936,5.0,1.0,607.0,0.0,1,1
3000.0,0.0,2.06764,20.8565,20.0,27.9936,5.0,1.0,607.0,0.0,1,1
3004.0,0.0,2.06658,20.8565,20.0,27.9936,5.0,1.0,607.0,0.0,1,1
3008.0,0.0,2.06551,20.8565,20.0,27.9936,5.0,1.0,607.0,0.0,1,1
3012.0,0.0,2.06445,20.8565,20.0,27.9936,5.0,1.0,607.0,0.0,1,1
3016.0,0.0,2.06338,20.8565,20.0,27.9936,5.0,1.0,607.0,0.0,1,1
3020.0,0.0,2.06232,20.8565,20.0,27.9936,5.0,1.0,607.0,0.0,1,1
3024.0,0.0,2.06125,20.8565,20.0,27.9936,5.0,1.0,607.0,0.0,1,1
3028.0,0.0,2.06019,20.8565,20.0,27.9936,5.0,1.0,607.0,0.0,1,1
3032.0,0.0,2.05913,20.8565,20.0,27.9936,5.0,1.0,607.0,0.0,1,1
3036.0,0.0,2.05806,20.8565,20.0,27.9936,5.0,1.0,607.0,0.0,1,1
3040.0,0.0,2.057,20.8565,20.0,27.9936,5.0,1.0,607.0,0.0,1,1
3044.0,0.0,2.05593,20.8565,20.0,27.9936,5.0,1.0,607.0,0.0,1,1
3048.0,0.0,2.05487,20.8565,20.0,27.9936,5.0,1.0,607.0,0.0,1,1
3052.0,0.0,2.0538,20.8565,20.0,27.9936,5.0,1.0,607.0,0.0,1,1
3056.0,0.0,2.05274,20.8565,20.0,27.9936,5.0,1.0,607.0,0.0,1,1
3060.0,0.0,2.05167,20.8565,20.0,27.9936,5.0,1.0,607.0,0.0,1,1
3064.0,0.0,2.05061,20.8565,20.0,27.9936,5.0,1.0,607.0,0.0,1,1
3068.0,0.0,2.04954,20.8565,20.0,27.9936,5.0,1.0,607.0,0.0,1,1
3072.0,0.0,2.04848,20.8565,20.0,27.9936,5.0,1.0,607.0,0.0,1,1
3076.0,0.0,2.04741,20.8565,20.0,27.9936,5.0,1.0,607.0,0.0,1,1
3080.0,0.0,2.04635,20.8565,20.0,27.9936,5.0,1.0,607.0,0.0,1,1
3084.0,0.0,2.04528,20.8565,20.0,27.9936,5.0,1.0,607.0,0.0,1,1
3088.0,0.0,2.04422,20.8565,20.0,27.9936,5.0,1.0,607.0,0.0,1,1
3092.0,0.0,2.04315,20.8565,20.0,27.9936,5.0,1.0,607.0,0.0,1,1
3096.0,0.0,2.04209,20.8565,20.0,27.9936,5.0,1.0,607.0,0.0,1,1
3100.0,0.0,2.04102,20.8565,20.0,27.9936,5.0,1.0,607.0,0.0,1,1
3104.0,0.0,2.03996,20.8565,20.0,27.9936,5.0,1.0,607.0,0.0,1,1
3108.0,0.0,2.03889,20.8565,20.0,27.9936,5.0,1.0,607.0,0.0,1,1
3112.0,0.0,2.03783,20.8565,20.0,27.9936,5.0,1.0,607.0,0.0,1,1
3116.0,0.0,2.03677,20.8565,20.0,27.9936,5.0,1.0,607.0,0.0,1,1
3120.0,0.0,2.0357,20.8565,20.0,27.9936,5.0,1.0,607.0,0.0,1,1
3124.0,0.0,2.03464,20.8565,20.0,27.9936,5.0,1.0,607.0,0.0,1,1
3128.0,0.0,2.03357,20.8565,20.0,27.9936,5.0,1.0,607.0,0.0,1,1
3132.0,0.0,2.03251,20.8565,20.0,27.9936,5.0,1.0,607.0,0.0,1,1
3136.0,0.0,2.03144,20.8565,20.0,27.9936,5.0,1.0,607.0,0.0,1,1
3140.0,0.0,2.03038,20.8565,20.0,27.9936,5.0,1.0,607.0,0.0,1,1
3144.0,0.0,2.02931,20.8565,20.0,27.9936,5.0,1.0,607.0,0.0,1,1
3148.0,0.0,2.02825,20.8565,20.0,27.9936,5.0,1.0,607.0,0.0,1,1
3152.0,0.0,2.02718,20.8565,20.0,27.9936,5.0,1.0,607.0,0.0,1,1
3156.0,0.0,2.02612,20.8565,20.0,27.9936,5.0,1.0,607.0,0.0,1,1
3160.0,0.0,2.02505,20.8565,20.0,27.9936,5.0,1.0,607.0,0.0,1,1
3164.0,0.0,2.02399,20.8565,20.0,27.9936,5.0,1.0,607.0,0.0,1,1
3168.0,0.0,2.02292,20.8565,20.0,27.9936,5.0,1.0,607.0,0.0,1,1
3172.0,0.0,2.02186,20.8565,20.0,27.9936,5.0,1.0,607.0,0.0,1,1
3176.0,0.0,2.02079,20.8565,20.0,27.9936,5.0,1.0,607.0,0.0,1,1
3180.0,0.0,2.01973,20.8565,20.0,27.9936,5.0,1.0,607.0,0.0,1,1
3184.0,0.0,2.01866,20.8565,20.0,27.9936,5.0,1.0,607.0,0.0,1,1
3188.0,0.0,2.0176,20.8565,20.0,27.9936,5.0,1.0,607.0,0.0,1,1
3192.0,0.0,2.01653,20.8565,20.0,27.9936,5.0,1.0,607.0,0.0,1,1
3196.0,0.0,2.01547,20.8565,20.0,27.9936,5.0,1.0,607.0,0.0,1,1
3200.0,0.0,2.0144,20.8565,20.0,27.9936,5.0,1.0,607.0,0.0,1,1
3204.0,0.0,2.01334,20.8565,20.0,27.9936,5.0,1.0,607.0,0.0,1,1
3208.0,0.0,2.01228,20.8565,20.0,27.9936,5.0,1.0,607.0,0.0,1,1
3212.0,0.0,2.01121,20.8565,20.0,27.9936,5.0,1.0,607.0,0.0,1,1
3216.0,0.0,2.01015,20.8565,20.0,27.9936,5.0,1.0,607.0,0.0,1,1
3220.0,0.0,2.00908,20.8565,20.0,27.9936,5.0,1.0,607.0,0.0,1,1
3224.0,0.0,2.00802,20.8565,20.0,27.9936,5.0,1.0,607.0,0.0,1,1
3228.0,0.0,2.00695,20.8565,20.0,27.9936,5.0,1.0,607.0,0.0,1,1
3232.0,0.0,2.00589,20.8565,20.0,27.9936,5.0,1.0,607.0,0.0,1,1
3236.0,0.0,2.00482,20.8565,20.0,27.9936,5.0,1.0,607.0,0.0,1,1
3240.0,0.0,2.00376,20.8565,20.0,27.9936,5.0,1.0,607.0,0.0,1,1
3244.0,0.0,2.00269,20.8565,20.0,27.9936,5.0,1.0,607.0,0.0,1,1
3248.0,0.0,2.00163,20.8565,20.0,27.9936,5.0,1.0,607.0,0.0,1,1
3252.0,0.0,2.00056,20.8565,20.0,27.9936,5.0,1.0,607.0,0.0,1,1
3256.0,0.0,1.9995,20.8565,20.0,27.9936,5.0,1.0,607.0,0.0,1,1
3260.0,0.0,1.99843,20.8565,20.0,27.9936,5.0,1.0,607.0,0.0,1,1
3264.0,0.0,1.99737,20.8565,20.0,27.9936,5.0,1.0,607.0,0.0,1,1
3268.0,0.0,1.9963,20.8565,20.0,27.9936,5.0,1.0,607.0,0.0,1,1
3272.0,0.0,1.99524,20.8565,20.0,27.9936,5.0,1.0,607.0,0.0,1,1
3276.0,0.0,1.99417,20.8565,20.0,27.9936,5.0,1.0,607.0,0.0,1,1
3280.0,0.0,1.99311,20.8565,20.0,27.9936,5.0,1.0,607.0,0.0,1,1
3284.0,0.0,1.99204,20.8565,20.0,27.9936,5.0,1.0,607.0,0.0,1,1
3288.0,0.0,1.99098,20.8565,20.0,27.9936,5.0,1.0,607.0,0.0,1,1
3292.0,0.0,1.98992,20.8565,20.0,27.9936,5.0,1.0,607.0,0.0,1,1
3296.0,0.0,1.98885,20.8565,20.0,27.9936,5.0,1.0,607.0,0.0,1,1
3300.0,0.0,1.98779,20.8565,20.0,27.9936,5.0,1.0,607.0,0.0,1,1
3304.0,0.0,1.98672,20.8565,20.0,27.9936,5.0,1.0,607.0,0.0,1,1
3308.0,0.0,1.98566,20.8565,20.0,27.9936,5.0,1.0,607.0,0.0,1,1
3312.0,0.0,1.98459,20.8565,20.0,27.9936,5.0,1.0,607.0,0.0,1,1
3316.0,0.0,1.98353,20.8565,20.0,27.9936,5.0,1.0,607.0,0.0,1,1
3320.0,0.0,1.98246,20.8565,20.0,27.9936,5.0,1.0,607.0,0.0,1,1
3324.0,0.0,1.9814,20.8565,20.0,27.9936,5.0,1.0,607.0,0.0,1,1
3328.0,0.0,1.98033,20.8565,20.0,27.9936,5.0,1.0,607.0,0.0,1,1
3332.0,0.0,1.97927,20.8565,20.0,27.9936,5.0,1.0,607.0,0.0,1,1
3336.0,0.0,1.9782,20.8565,20.0,27.9936,5.0,1.0,607.0,0.0,1,1
3340.0,0.0,1.97714,20.8565,20.0,27.9936,5.0,1.0,607.0,0.0,1,1
3344.0,0.0,1.97607,20.8565,20.0,27.9936,5.0,1.0,607.0,0.0,1,1
3348.0,0.0,1.97501,20.8565,20.0,27.9936,5.0,1.0,607.0,0.0,1,1
3352.0,0.0,1.97394,20.8565,20.0,27.9936,5.0,1.0,607.0,0.0,1,1
3356.0,0.0,1.97288,20.8565,20.0,27.9936,5.0,1.0,607.0,0.0,1,1
3360.0,0.0,1.97181,20.8565,20.0,27.9936,5.0,1.0,607.0,0.0,1,1
3364.0,0.0,1.97075,20.8565,20.0,27.9936,5.0,1.0,607.0,0.0,1,1
3368.0,0.0,1.96968,20.8565,20.0,27.9936,5.0,1.0,607.0,0.0,1,1
3372.0,0.0,1.96862,20.8565,20.0,27.9936,5.0,1.0,607.0,0.0,1,1
3376.0,0.0,1.96756,20.8565,20.0,27.9936,5.0,1.0,607.0,0.0,1,1
3380.0,0.0,1.96649,20.8565,20.0,27.9936,5.0,1.0,607.0,0.0,1,1
3384.0,0.0,1.96543,20.8565,20.0,27.9936,5.0,1.0,607.0,0.0,1,1
3388.0,0.0,1.96436,20.8565,20.0,27.9936,5.0,1.0,607.0,0.0,1,1
3392.0,0.0,1.9633,20.8565,20.0,27.9936,5.0,1.0,607.0,0.0,1,1
3396.0,0.0,1.96223,20.8565,20.0,27.9936,5.0,1.0,607.0,0.0,1,1
3400.0,0.0,1.96117,20.8565,20.0,27.9936,5.0,1.0,607.0,0.0,1,1
3404.0,0.0,1.9601,20.8565,20.0,27.9936,5.0,1.0,607.0,0.0,1,1
3408.0,0.0,1.95904,20.8565,20.0,27.9936,5.0,1.0,607.0,0.0,1,1
3412.0,0.0,1.95797,20.8565,20.0,27.9936,5.0,1.0,607.0,0.0,1,1
3416.0,0.0,1.95691,20.8565,20.0,27.9936,5.0,1.0,607.0,0.0,1,1
3420.0,0.0,1.95584,20.8565,20.0,27.9936,5.0,1.0,607.0,0.0,1,1
3424.0,0.0,1.95478,20.8565,20.0,27.9936,5.0,1.0,607.0,0.0,1,1
3428.0,0.0,1.95371,20.8565,20.0,27.9936,5.0,1.0,607.0,0.0,1,1
3432.0,0.0,1.95265,20.8565,20.0,27.9936,5.0,1.0,607.0,0.0,1,1
3436.0,0.0,1.95158,20.8565,20.0,27.9936,5.0,1.0,607.0,0.0,1,1
3440.0,0.0,1.95052,20.8565,20.0,27.9936,5.0,1.0,607.0,0.0,1,1
3444.0,0.0,1.94945,20.8565,20.0,27.9936,5.0,1.0,607.0,0.0,1,1
3448.0,0.0,1.94839,20.8565,20.0,27.9936,5.0,1.0,607.0,0.0,1,1
3452.0,0.0,1.94732,20.8565,20.0,27.9936,5.0,1.0,607.0,0.0,1,1
3456.0,0.0,1.94626,20.8565,20.0,27.9936,5.0,1.0,607.0,0.0,1,1
3460.0,0.0,1.94519,20.8565,20.0,27.9936,5.0,1.0,607.0,0.0,1,1
3464.0,0.0,1.94413,20.8565,20.0,27.9936,5.0,1.0,607.0,0.0,1,1
3468.0,0.0,1.94307,20.8565,20.0,27.9936,5.0,1.0,607.0,0.0,1,1
3472.0,0.0,1.942,20.8565,20.0,27.9936,5.0,1.0,607.0,0.0,1,1
3476.0,0.0,1.94094,20.8565,20.0,27.9936,5.0,1.0,607.0,0.0,1,1
3480.0,0.0,1.93987,20.8565,20.0,27.9936,5.0,1.0,607.0,0.0,1,1
3484.0,0.0,1.93881,20.8565,20.0,27.9936,5.0,1.0,607.0,0.0,1,1
3488.0,0.0,1.93774,20.8565,20.0,27.9936,5.0,1.0,607.0,0.0,1,1
3492.0,0.0,1.93668,20.8565,20.0,27.9936,5.0,1.0,607.0,0.0,1,1
3496.0,0.0,1.93561,20.8565,20.0,27.9936,5.0,1.0,607.0,0.0,1,1
3500.0,0.0,1.93455,20.8565,20.0,27.9936,5.0,1.0,607.0,0.0,1,1
3504.0,0.0,1.93348,20.8565,20.0,27.9936,5.0,1.0,607.0,0.0,1,1
3508.0,0.0,1.93242,20.8565,20.0,27.9936,5.0,1.0,607.0,0.0,1,1
3512.0,0.0,1.93135,20.8565,20.0,27.9936,5.0,1.0,607.0,0.0,1,1
3516.0,0.0,1.93029,20.8565,20.0,27.9936,5.0,1.0,607.0,0.0,1,1
3520.0,0.0,1.92922,20.8565,20.0,27.9936,5.0,1.0,607.0,0.0,1,1
3524.0,0.0,1.92816,20.8565,20.0,27.9936,5.0,1.0,607.0,0.0,1,1
3528.0,0.0,1.92709,20.8565,20.0,27.9936,5.0,1.0,607.0,0.0,1,1
3532.0,0.0,1.92603,20.8565,20.0,27.9936,5.0,1.0,607.0,0.0,1,1
3536.0,0.0,1.92496,20.8565,20.0,27.9936,5.0,1.0,607.0,0.0,1,1
3540.0,0.0,1.9239,20.8565,20.0,27.9936,5.0,1.0,607.0,0.0,1,1
3544.0,0.0,1.92283,20.8565,20.0,27.9936,5.0,1.0,607.0,0.0,1,1
3548.0,0.0,1.92177,20.8565,20.0,27.9936,5.0,1.0,607.0,0.0,1,1
3552.0,0.0,1.92071,20.8565,20.0,27.9936,5.0,1.0,607.0,0.0,1,1
3556.0,0.0,1.91964,20.8565,20.0,27.9936,5.0,1.0,607.0,0.0,1,1
3560.0,0.0,1.91858,20.8565,20.0,27.9936,5.0,1.0,607.0,0.0,1,1
3564.0,0.0,1.91751,20.8565,20.0,27.9936,5.0,1.0,607.0,0.0,1,1
3568.0,0.0,1.91645,20.8565,20.0,27.9936,5.0,1.0,607.0,0.0,1,1
3572.0,0.0,1.91538,20.8565,20.0,27.9936,5.0,1.0,607.0,0.0,1,1
3576.0,0.0,1.91432,20.8565,20.0,27.9936,5.0,1.0,607.0,0.0,1,1
3580.0,0.0,1.91325,20.8565,20.0,27.9936,5.0,1.0,607.0,0.0,1,1
3584.0,0.0,1.91219,20.8565,20.0,27.9936,5.0,1.0,607.0,0.0,1,1
3588.0,0.0,1.91112,20.8565,20.0,27.9936,5.0,1.0,607.0,0.0,1,1
3592.0,0.0,1.91006,20.8565,20.0,27.9936,5.0,1.0,607.0,0.0,1,1
3596.0,0.0,1.90899,20.8565,20.0,27.9936,5.0,1.0,607.0,0.0,1,1
3600.0,0.0,1.90793,20.8565,20.0,27.9936,5.0,1.0,607.0,0.0,1,1
3604.0,0.0,1.90686,20.8565,20.0,27.9936,5.0,1.0,607.0,0.0,1,1
3608.0,0.0,1.9058,20.8565,20.0,27.9936,5.0,1.0,607.0,0.0,1,1
3612.0,0.0,1.90473,20.8565,20.0,27.9936,5.0,1.0,607.0,0.0,1,1
3616.0,0.0,1.90367,20.8565,20.0,27.9936,5.0,1.0,607.0,0.0,1,1
3620.0,0.0,1.9026,20.8565,20.0,27.9936,5.0,1.0,607.0,0.0,1,1
3624.0,0.0,1.90154,20.8565,20.0,27.9936,5.0,1.0,607.0,0.0,1,1
3628.0,0.0,1.90047,20.8565,20.0,27.9936,5.0,1.0,607.0,0.0,1,1
3632.0,0.0,1.89941,20.8565,20.0,27.9936,5.0,1.0,607.0,0.0,1,1
3636.0,0.0,1.89835,20.8565,20.0,27.9936,5.0,1.0,607.0,0.0,1,1
3640.0,0.0,1.89728,20.8565,20.0,27.9936,5.0,1.0,607.0,0.0,1,1
3644.0,0.0,1.89622,20.8565,20.0,27.9936,5.0,1.0,607.0,0.0,1,1
3648.0,0.0,1.89515,20.8565,20.0,27.9936,5.0,1.0,607.0,0.0,1,1
3652.0,0.0,1.89409,20.8565,20.0,27.9936,5.0,1.0,607.0,0.0,1,1
3656.0,0.0,1.89302,20.8565,20.0,27.9936,5.0,1.0,607.0,0.0,1,1
3660.0,0.0,1.89196,20.8565,20.0,27.9936,5.0,1.0,607.0,0.0,1,1
3664.0,0.0,1.89089,20.8565,20.0,27.9936,5.0,1.0,607.0,0.0,1,1
3668.0,0.0,1.88983,20.8565,20.0,27.9936,5.0,1.0,607.0,0.0,1,1
3672.0,0.0,1.88876,20.8565,20.0,27.9936,5.0,1.0,607.0,0.0,1,1
3676.0,0.0,1.8877,20.8565,20.0,27.9936,5.0,1.0,607.0,0.0,1,1
3680.0,0.0,1.88663,20.8565,20.0,27.9936,5.0,1.0,607.0,0.0,1,1
3684.0,0.0,1.88557,20.8565,20.0,27.9936,5.0,1.0,607.0,0.0,1,1
3688.0,0.0,1.8845,20.8565,20.0,27.9936,5.0,1.0,607.0,0.0,1,1
3692.0,0.0,1.88344,20.8565,20.0,27.9936,5.0,1.0,607.0,0.0,1,1
3696.0,0.0,1.88237,20.8565,20.0,27.9936,5.0,1.0,607.0,0.0,1,1
3700.0,0.0,1.88131,20.8565,20.0,27.9936,5.0,1.0,607.0,0.0,1,1
3704.0,0.0,1.88024,20.8565,20.0,27.9936,5.0,1.0,607.0,0.0,1,1
3708.0,0.0,1.87918,20.8565,20.0,27.9936,5.0,1.0,607.0,0.0,1,1
3712.0,0.0,1.87811,20.8565,20.0,27.9936,5.0,1.0,607.0,0.0,1,1
3716.0,0.0,1.87705,20.8565,20.0,27.9936,5.0,1.0,607.0,0.0,1,1
3720.0,0.0,1.87599,20.8565,20.0,27.9936,5.0,1.0,607.0,0.0,1,1
3724.0,0.0,1.87492,20.8565,20.0,27.9936,5.0,1.0,607.0,0.0,1,1
3728.0,0.0,1.87386,20.8565,20.0,27.9936,5.0,1.0,607.0,0.0,1,1
3732.0,0.0,1.87279,20.8565,20.0,27.9936,5.0,1.0,607.0,0.0,1,1
3736.0,0.0,1.87173,20.8565,20.0,27.9936,5.0,1.0,607.0,0.0,1,1
3740.0,0.0,1.87066,20.8565,20.0,27.9936,5.0,1.0,607.0,0.0,1,1
3744.0,0.0,1.8696,20.8565,20.0,27.9936,5.0,1.0,607.0,0.0,1,1
3748.0,0.0,1.86853,20.8565,20.0,27.9936,5.0,1.0,607.0,0.0,1,1
3752.0,0.0,1.86747,20.8565,20.0,27.9936,5.0,1.0,607.0,0.0,1,1
3756.0,0.0,1.8664,20.8565,20.0,27.9936,5.0,1.0,607.0,0.0,1,1
3760.0,0.0,1.86534,20.8565,20.0,27.9936,5.0,1.0,607.0,0.0,1,1
3764.0,0.0,1.86427,20.8565,20.0,27.9936,5.0,1.0,607.0,0.0,1,1
3768.0,0.0,1.86321,20.8565,20.0,27.9936,5.0,1.0,607.0,0.0,1,1
3772.0,0.0,1.86214,20.8565,20.0,27.9936,5.0,1.0,607.0,0.0,1,1
3776.0,0.0,1.86108,20.8565,20.0,27.9936,5.0,1.0,607.0,0.0,1,1
3780.0,0.0,1.86001,20.8565,20.0,27.9936,5.0,1.0,607.0,0.0,1,1
3784.0,0.0,1.85895,20.8565,20.0,27.9936,5.0,1.0,607.0,0.0,1,1
3788.0,0.0,1.85788,20.8565,20.0,27.9936,5.0,1.0,607.0,0.0,1,1
3792.0,0.0,1.85682,20.8565,20.0,27.9936,5.0,1.0,607.0,0.0,1,1
3796.0,0.0,1.85575,20.8565,20.0,27.9936,5.0,1.0,607.0,0.0,1,1
3800.0,0.0,1.85469,20.8565,20.0,27.9936,5.0,1.0,607.0,0.0,1,1
3804.0,0.0,1.85362,20.8565,20.0,27.9936,5.0,1.0,607.0,0.0,1,1
3808.0,0.0,1.85256,20.8565,20.0,27.9936,5.0,1.0,607.0,0.0,1,1
3812.0,0.0,1.8515,20.8565,20.0,27.9936,5.0,1.0,607.0,0.0,1,1
3816.0,0.0,1.85043,20.8565,20.0,27.9936,5.0,1.0,607.0,0.0,1,1
3820.0,0.0,1.84937,20.8565,20.0,27.9936,5.0,1.0,607.0,0.0,1,1
3824.0,0.0,1.8483,20.8565,20.0,27.9936,5.0,1.0,607.0,0.0,1,1
3828.0,0.0,1.84724,20.8565,20.0,27.9936,5.0,1.0,607.0,0.0,1,1
3832.0,0.0,1.84617,20.8565,20.0,27.9936,5.0,1.0,607.0,0.0,1,1
3836.0,0.0,1.84511,20.8565,20.0,27.9936,5.0,1.0,607.0,0.0,1,1
3840.0,0.0,1.84404,20.8565,20.0,27.9936,5.0,1.0,607.0,0.0,1,1
3844.0,0.0,1.84298,20.8565,20.0,27.9936,5.0,1.0,607.0,0.0,1,1
3848.0,0.0,1.84191,20.8565,20.0,27.9936,5.0,1.0,607.0,0.0,1,1
3852.0,0.0,1.84085,20.8565,20.0,27.9936,5.0,1.0,607.0,0.0,1,1
3856.0,0.0,1.83978,20.8565,20.0,27.9936,5.0,1.0,607.0,0.0,1,1
3860.0,0.0,1.83872,20.8565,20.0,27.9936,5.0,1.0,607.0,0.0,1,1
3864.0,0.0,1.83765,20.8565,20.0,27.9936,5.0,1.0,607.0,0.0,1,1
3868.0,0.0,1.83659,20.8565,20.0,27.9936,5.0,1.0,607.0,0.0,1,1
3872.0,0.0,1.83552,20.8565,20.0,27.9936,5.0,1.0,607.0,0.0,1,1
3876.0,0.0,1.83446,20.8565,20.0,27.9936,5.0,1.0,607.0,0.0,1,1
3880.0,0.0,1.83339,20.8565,20.0,27.9936,5.0,1.0,607.0,0.0,1,1
3884.0,0.0,1.83233,20.8565,20.0,27.9936,5.0,1.0,607.0,0.0,1,1
3888.0,0.0,1.83126,20.8565,20.0,27.9936,5.0,1.0,607.0,0.0,1,1
3892.0,0.0,1.8302,20.8565,20.0,27.9936,5.0,1.0,607.0,0.0,1,1
3896.0,0.0,1.82914,20.8565,20.0,27.9936,5.0,1.0,607.0,0.0,1,1
3900.0,0.0,1.82807,20.8565,20.0,27.9936,5.0,1.0,607.0,0.0,1,1
3904.0,0.0,1.82701,20.8565,20.0,27.9936,5.0,1.0,607.0,0.0,1,1
3908.0,0.0,1.82594,20.8565,20.0,27.9936,5.0,1.0,607.0,0.0,1,1
3912.0,0.0,1.82488,20.8565,20.0,27.9936,5.0,1.0,607.0,0.0,1,1
3916.0,0.0,1.82381,20.8565,20.0,27.9936,5.0,1.0,607.0,0.0,1,1
3920.0,0.0,1.82275,20.8565,20.0,27.9936,5.0,1.0,607.0,0.0,1,1
3924.0,0.0,1.82168,20.8565,20.0,27.9936,5.0,1.0,607.0,0.0,1,1
3928.0,0.0,1.82062,20.8565,20.0,27.9936,5.0,1.0,607.0,0.0,1,1
3932.0,0.0,1.81955,20.8565,20.0,27.9936,5.0,1.0,607.0,0.0,1,1
3936.0,0.0,1.81849,20.8565,20.0,27.9936,5.0,1.0,607.0,0.0,1,1
3940.0,0.0,1.81742,20.8565,20.0,27.9936,5.0,1.0,607.0,0.0,1,1
3944.0,0.0,1.81636,20.8565,20.0,27.9936,5.0,1.0,607.0,0.0,1,1
3948.0,0.0,1.81529,20.8565,20.0,27.9936,5.0,1.0,607.0,0.0,1,1
3952.0,0.0,1.81423,20.8565,20.0,27.9936,5.0,1.0,607.0,0.0,1,1
3956.0,0.0,1.81316,20.8565,20.0,27.9936,5.0,1.0,607.0,0.0,1,1
3960.0,0.0,1.8121,20.8565,20.0,27.9936,5.0,1.0,607.0,0.0,1,1
3964.0,0.0,1.81103,20.8565,20.0,27.9936,5.0,1.0,607.0,0.0,1,1
3968.0,0.0,1.80997,20.8565,20.0,27.9936,5.0,1.0,607.0,0.0,1,1
3972.0,0.0,1.8089,20.8565,20.0,27.9936,5.0,1.0,607.0,0.0,1,1
3976.0,0.0,1.80784,20.8565,20.0,27.9936,5.0,1.0,607.0,0.0,1,1
3980.0,0.0,1.80678,20.8565,20.0,27.9936,5.0,1.0,607.0,0.0,1,1
3984.0,0.0,1.80571,20.8565,20.0,27.9936,5.0,1.0,607.0,0.0,1,1
3988.0,0.0,1.80465,20.8565,20.0,27.9936,5.0,1.0,607.0,0.0,1,1
3992.0,0.0,1.80358,20.8565,20.0,27.9936,5.0,1.0,607.0,0.0,1,1
3996.0,0.0,1.80252,20.8565,20.0,27.9936,5.0,1.0,607.0,0.0,1,1
4000.0,0.0,1.80145,20.8565,20.0,27.9936,5.0,1.0,607.0,0.0,1,1
4004.0,0.0,1.80039,20.8565,20.0,27.9936,5.0,1.0,607.0,0.0,1,1
4008.0,0.0,1.79932,20.8565,20.0,27.9936,5.0,1.0,607.0,0.0,1,1
4012.0,0.0,1.79826,20.8565,20.0,27.9936,5.0,1.0,607.0,0.0,1,1
4016.0,0.0,1.79719,20.8565,20.0,27.9936,5.0,1.0,607.0,0.0,1,1
4020.0,0.0,1.79613,20.8565,20.0,27.9936,5.0,1.0,607.0,0.0,1,1
4024.0,0.0,1.79506,20.8565,20.0,27.9936,5.0,1.0,607.0,0.0,1,1
4028.0,0.0,1.794,20.8565,20.0,27.9936,5.0,1.0,607.0,0.0,1,1
4032.0,0.0,1.79293,20.8565,20.0,27.9936,5.0,1.0,607.0,0.0,1,1
4036.0,0.0,1.79187,20.8565,20.0,27.9936,5.0,1.0,607.0,0.0,1,1
4040.0,0.0,1.7908,20.8565,20.0,27.9936,5.0,1.0,607.0,0.0,1,1
4044.0,0.0,1.78974,20.8565,20.0,27.9936,5.0,1.0,607.0,0.0,1,1
4048.0,0.0,1.78867,20.8565,20.0,27.9936,5.0,1.0,607.0,0.0,1,1
4052.0,0.0,1.78761,20.8565,20.0,27.9936,5.0,1.0,607.0,0.0,1,1
4056.0,0.0,1.78654,20.8565,20.0,27.9936,5.0,1.0,607.0,0.0,1,1
4060.0,0.0,1.78548,20.8565,20.0,27.9936,5.0,1.0,607.0,0.0,1,1
4064.0,0.0,1.78441,20.8565,20.0,27.9936,5.0,1.0,607.0,0.0,1,1
4068.0,0.0,1.78335,20.8565,20.0,27.9936,5.0,1.0,607.0,0.0,1,1
4072.0,0.0,1.78229,20.8565,20.0,27.9936,5.0,1.0,607.0,0.0,1,1
4076.0,0.0,1.78122,20.8565,20.0,27.9936,5.0,1.0,607.0,0.0,1,1
4080.0,0.0,1.78016,20.8565,20.0,27.9936,5.0,1.0,607.0,0.0,1,1
4084.0,0.0,1.77909,20.8565,20.0,27.9936,5.0,1.0,607.0,0.0,1,1
4088.0,0.0,1.77803,20.8565,20.0,27.9936,5.0,1.0,607.0,0.0,1,1
4092.0,0.0,1.77696,20.8565,20.0,27.9936,5.0,1.0,607.0,0.0,1,1
4096.0,0.0,1.7759,20.8565,20.0,27.9936,5.0,1.0,607.0,0.0,1,1
4100.0,0.0,1.77483,20.8565,20.0,27.9936,5.0,1.0,607.0,0.0,1,1
4104.0,0.0,1.77377,20.8565,20.0,27.9936,5.0,1.0,607.0,0.0,1,1
4108.0,0.0,1.7727,20.8565,20.0,27.9936,5.0,1.0,607.0,0.0,1,1
4112.0,0.0,1.77164,20.8565,20.0,27.9936,5.0,1.0,607.0,0.0,1,1
4116.0,0.0,1.77057,20.8565,20.0,27.9936,5.0,1.0,607.0,0.0,1,1
4120.0,0.0,1.76951,20.8565,20.0,27.9936,5.0,1.0,607.0,0.0,1,1
4124.0,0.0,1.76844,20.8565,20.0,27.9936,5.0,1.0,607.0,0.0,1,1
4128.0,0.0,1.76738,20.8565,20.0,27.9936,5.0,1.0,607.0,0.0,1,1
4132.0,0.0,1.76631,20.8565,20.0,27.9936,5.0,1.0,607.0,0.0,1,1
4136.0,0.0,1.76525,20.8565,20.0,27.9936,5.0,1.0,607.0,0.0,1,1
4140.0,0.0,1.76418,20.8565,20.0,27.9936,5.0,1.0,607.0,0.0,1,1
4144.0,0.0,1.76312,20.8565,20.0,27.9936,5.0,1.0,607.0,0.0,1,1
4148.0,0.0,1.76205,20.8565,20.0,27.9936,5.0,1.0,607.0,0.0,1,1
4152.0,0.0,1.76099,20.8565,20.0,27.9936,5.0,1.0,607.0,0.0,1,1
4156.0,0.0,1.75993,20.8565,20.0,27.9936,5.0,1.0,607.0,0.0,1,1
4160.0,0.0,1.75886,20.8565,20.0,27.9936,5.0,1.0,607.0,0.0,1,1
4164.0,0.0,1.7578,20.8565,20.0,27.9936,5.0,1.0,607.0,0.0,1,1
4168.0,0.0,1.75673,20.8565,20.0,27.9936,5.0,1.0,607.0,0.0,1,1
4172.0,0.0,1.75567,20.8565,20.0,27.9936,5.0,1.0,607.0,0.0,1,1
4176.0,0.0,1.7546,20.8565,20.0,27.9936,5.0,1.0,607.0,0.0,1,1
4180.0,0.0,1.75354,20.8565,20.0,27.9936,5.0,1.0,607.0,0.0,1,1
4184.0,0.0,1.75247,20.8565,20.0,27.9936,5.0,1.0,607.0,0.0,1,1
4188.0,0.0,1.75141,20.8565,20.0,27.9936,5.0,1.0,607.0,0.0,1,1
4192.0,0.0,1.75034,20.8565,20.0,27.9936,5.0,1.0,607.0,0.0,1,1
4196.0,0.0,1.74928,20.8565,20.0,27.9936,5.0,1.0,607.0,0.0,1,1
4200.0,0.0,1.74821,20.8565,20.0,27.9936,5.0,1.0,607.0,0.0,1,1
4204.0,0.0,1.74715,20.8565,20.0,27.9936,5.0,1.0,607.0,0.0,1,1
4208.0,0.0,1.74608,20.8565,20.0,27.9936,5.0,1.0,607.0,0.0,1,1
4212.0,0.0,1.74502,20.8565,20.0,27.9936,5.0,1.0,607.0,0.0,1,1
4216.0,0.0,1.74395,20.8565,20.0,27.9936,5.0,1.0,607.0,0.0,1,1
4220.0,0.0,1.74289,20.8565,20.0,27.9936,5.0,1.0,607.0,0.0,1,1
4224.0,0.0,1.74182,20.8565,20.0,27.9936,5.0,1.0,607.0,0.0,1,1
4228.0,0.0,1.74076,20.8565,20.0,27.9936,5.0,1.0,607.0,0.0,1,1
4232.0,0.0,1.73969,20.8565,20.0,27.9936,5.0,1.0,607.0,0.0,1,1
4236.0,0.0,1.73863,20.8565,20.0,27.9936,5.0,1.0,607.0,0.0,1,1
4240.0,0.0,1.73757,20.8565,20.0,27.9936,5.0,1.0,607.0,0.0,1,1
4244.0,0.0,1.7365,20.8565,20.0,27.9936,5.0,1.0,607.0,0.0,1,1
4248.0,0.0,1.73544,20.8565,20.0,27.9936,5.0,1.0,607.0,0.0,1,1
4252.0,0.0,1.73437,20.8565,20.0,27.9936,5.0,1.0,607.0,0.0,1,1
4256.0,0.0,1.73331,20.8565,20.0,27.9936,5.0,1.0,607.0,0.0,1,1
4260.0,0.0,1.73224,20.8565,20.0,27.9936,5.0,1.0,607.0,0.0,1,1
4264.0,0.0,1.73118,20.8565,20.0,27.9936,5.0,1.0,607.0,0.0,1,1
4268.0,0.0,1.73011,20.8565,20.0,27.9936,5.0,1.0,607.0,0.0,1,1
4272.0,0.0,1.72905,20.8565,20.0,27.9936,5.0,1.0,607.0,0.0,1,1
4276.0,0.0,1.72798,20.8565,20.0,27.9936,5.0,1.0,607.0,0.0,1,1
4280.0,0.0,1.72692,20.8565,20.0,27.9936,5.0,1.0,607.0,0.0,1,1
4284.0,0.0,1.72585,20.8565,20.0,27.9936,5.0,1.0,607.0,0.0,1,1
4288.0,0.0,1.72479,20.8565,20.0,27.9936,5.0,1.0,607.0,0.0,1,1
4292.0,0.0,1.72372,20.8565,20.0,27.9936,5.0,1.0,607.0,0.0,1,1
4296.0,0.0,1.72266,20.8565,20.0,27.9936,5.0,1.0,607.0,0.0,1,1
4300.0,0.0,1.72159,20.8565,20.0,27.9936,5.0,1.0,607.0,0.0,1,1
4304.0,0.0,1.72053,20.8565,20.0,27.9936,5.0,1.0,607.0,0.0,1,1
4308.0,0.0,1.71946,20.8565,20.0,27.9936,5.0,1.0,607.0,0.0,1,1
4312.0,0.0,1.7184,20.8565,20.0,27.9936,5.0,1.0,607.0,0.0,1,1
4316.0,0.0,1.71733,20.8565,20.0,27.9936,5.0,1.0,607.0,0.0,1,1
4320.0,0.0,1.71627,20.8565,20.0,27.9936,5.0,1.0,607.0,0.0,1,1
4324.0,0.0,1.71521,20.8565,20.0,27.9936,5.0,1.0,607.0,0.0,1,1
4328.0,0.0,1.71414,20.8565,20.0,27.9936,5.0,1.0,607.0,0.0,1,1
4332.0,0.0,1.71308,20.8565,20.0,27.9936,5.0,1.0,607.0,0.0,1,1
4336.0,0.0,1.71201,20.8565,20.0,27.9936,5.0,1.0,607.0,0.0,1,1
4340.0,0.0,1.71095,20.8565,20.0,27.9936,5.0,1.0,607.0,0.0,1,1
4344.0,0.0,1.70988,20.8565,20.0,27.9936,5.0,1.0,607.0,0.0,1,1
4348.0,0.0,1.70882,20.8565,20.0,27.9936,5.0,1.0,607.0,0.0,1,1
4352.0,0.0,1.70775,20.8565,20.0,27.9936,5.0,1.0,607.0,0.0,1,1
4356.0,0.0,1.70669,20.8565,20.0,27.9936,5.0,1.0,607.0,0.0,1,1
4360.0,0.0,1.70562,20.8565,20.0,27.9936,5.0,1.0,607.0,0.0,1,1
4364.0,0.0,1.70456,20.8565,20.0,27.9936,5.0,1.0,607.0,0.0,1,1
4368.0,0.0,1.70349,20.8565,20.0,27.9936,5.0,1.0,607.0,0.0,1,1
4372.0,0.0,1.70243,20.8565,20.0,27.9936,5.0,1.0,607.0,0.0,1,1
4376.0,0.0,1.70136,20.8565,20.0,27.9936,5.0,1.0,607.0,0.0,1,1
4380.0,0.0,1.7003,20.8565,20.0,27.9936,5.0,1.0,607.0,0.0,1,1
4384.0,0.0,1.69923,20.82453,20.00613,28.012,5.00664,0.99987,606.91941,0.08059,1,1
4388.0,0.0,1.69817,20.78011,20.01467,28.03659,5.01542,0.99969,606.81279,0.18721,1,1
4392.0,0.0,1.6971,20.73571,20.02327,28.06095,5.0241,0.99952,606.70742,0.29258,1,1
4396.0,0.0,1.69604,20.69131,20.03192,28.08545,5.03284,0.99934,606.60135,0.39865,1,1
4400.0,0.0,1.69498,20.64693,20.04062,28.11005,5.04162,0.99917,606.49469,0.50531,1,1
4404.0,0.0,1.69391,20.60255,20.04937,28.13476,5.05046,0.99899,606.38745,0.61255,1,1
4408.0,0.0,1.69285,20.55819,20.05818,28.15958,5.05934,0.99881,606.27961,0.72039,1,1
4412.0,0.0,1.69179,20.51383,20.06703,28.18451,5.06827,0.99863,606.17117,0.82883,1,1
4416.0,0.0,1.69072,20.46948,20.07594,28.20955,5.07725,0.99845,606.06213,0.93787,1,1
4420.0,0.0,1.68966,20.42515,20.08489,28.23469,5.08629,0.99827,605.95248,1.04752,1,1
4424.0,0.0,1.6886,20.38082,20.09391,28.25995,5.09537,0.99809,605.84221,1.15779,1,1
4428.0,0.0,1.68753,20.3365,20.10297,28.28532,5.1045,0.99791,605.73133,1.26867,1,1
4432.0,0.0,1.68647,20.2922,20.11209,28.3108,5.11369,0.99773,605.61982,1.38018,1,1
4436.0,0.0,1.68541,20.2479,20.12126,28.3364,5.12292,0.99754,605.50769,1.49231,1,1
4440.0,0.0,1.68435,20.20361,20.13048,28.3621,5.13221,0.99736,605.39493,1.60507,1,1
4444.0,0.0,1.68329,20.15934,20.13976,28.38792,5.14155,0.99717,605.28153,1.71847,1,1
4448.0,0.0,1.68223,20.11507,20.14909,28.41386,5.15095,0.99698,605.16749,1.83251,1,1
4452.0,0.0,1.68116,20.07082,20.15848,28.43991,5.1604,0.99679,605.0528,1.9472,1,1
4456.0,0.0,1.6801,20.02657,20.16792,28.46608,5.1699,0.9966,604.93746,2.06254,1,1
4460.0,0.0,1.67904,19.98234,20.17742,28.49236,5.17945,0.99641,604.82147,2.17853,1,1
4464.0,0.0,1.67798,19.93811,20.18697,28.51876,5.18906,0.99622,604.70482,2.29518,1,1
4468.0,0.0,1.67692,19.8939,20.19659,28.54528,5.19872,0.99603,604.5875,2.4125,1,1
4472.0,0.0,1.67586,19.8497,20.20625,28.57191,5.20844,0.99583,604.46951,2.53049,1,1
4476.0,0.0,1.6748,19.8055,20.21598,28.59867,5.21822,0.99564,604.35084,2.64916,1,1
4480.0,0.0,1.67374,19.76132,20.22576,28.62554,5.22805,0.99544,604.23149,2.76851,1,1
4484.0,0.0,1.67269,19.71715,20.2356,28.65254,5.23794,0.99524,604.11146,2.88854,1,1
4488.0,0.0,1.67163,19.67299,20.2455,28.67965,5.24788,0.99504,603.99073,3.00927,1,1
4492.0,0.0,1.67057,19.62884,20.25545,28.70689,5.25788,0.99484,603.86931,3.13069,1,1
4496.0,0.0,1.66951,19.5847,20.26547,28.73425,5.26794,0.99464,603.74718,3.25282,1,1
4500.0,0.0,1.66845,19.54057,20.27554,28.76173,5.27806,0.99444,603.62435,3.37565,1,1
4504.0,0.0,1.6674,19.49645,20.28568,28.78934,5.28824,0.99424,603.50081,3.49919,1,1
4508.0,0.0,1.66634,19.45235,20.29587,28.81707,5.29847,0.99403,603.37654,3.62346,1,1
4512.0,0.0,1.66528,19.40825,20.30612,28.84492,5.30877,0.99382,603.25155,3.74845,1,1
4516.0,0.0,1.66422,19.36417,20.31644,28.87291,5.31912,0.99362,603.12584,3.87416,1,1
4520.0,0.0,1.66317,19.32009,20.32681,28.90101,5.32954,0.99341,602.99938,4.00062,1,1
4524.0,0.0,1.66211,19.27603,20.33725,28.92925,5.34002,0.9932,602.87219,4.12781,1,1
4528.0,0.0,1.66105,19.23198,20.34775,28.95761,5.35056,0.99299,602.74425,4.25575,1,1
4532.0,0.0,1.66,19.18794,20.35831,28.9861,5.36116,0.99278,602.61556,4.38444,1,1
4536.0,0.0,1.65894,19.14391,20.36894,29.01473,5.37182,0.99256,602.4861,4.5139,1,1
4540.0,0.0,1.65789,19.09989,20.37963,29.04348,5.38255,0.99235,602.35589,4.64411,1,1
4544.0,0.0,1.65683,19.05589,20.39038,29.07236,5.39334,0.99213,602.2249,4.7751,1,1
4548.0,0.0,1.65578,19.01189,20.40119,29.10137,5.40419,0.99192,602.09314,4.90686,1,1
4552.0,0.0,1.65472,18.96791,20.41207,29.13052,5.41511,0.9917,601.96059,5.03941,1,1
4556.0,0.0,1.65367,18.92394,20.42302,29.1598,5.42609,0.99148,601.82726,5.17274,1,1
4560.0,0.0,1.65262,18.87998,20.43403,29.18921,5.43714,0.99126,601.69313,5.30687,1,1
4564.0,0.0,1.65156,18.83603,20.4451,29.21876,5.44825,0.99103,601.5582,5.4418,1,1
4568.0,0.0,1.65051,18.7921,20.45624,29.24844,5.45943,0.99081,601.42246,5.57754,1,1
4572.0,0.0,1.64946,18.74817,20.46745,29.27826,5.47068,0.99059,601.28591,5.71409,1,1
4576.0,0.0,1.6484,18.70426,20.47872,29.30821,5.482,0.99036,601.14854,5.85146,1,1
4580.0,0.0,1.64735,18.66036,20.49007,29.3383,5.49338,0.99013,601.01035,5.98965,1,1
4584.0,0.0,1.6463,18.61647,20.50148,29.36853,5.50483,0.9899,600.87131,6.12869,1,1
4588.0,0.0,1.64525,18.57259,20.51295,29.3989,5.51636,0.98967,600.73144,6.26856,1,1
4592.0,0.0,1.6442,18.52873,20.5245,29.42941,5.52795,0.98944,600.59073,6.40927,1,1
4596.0,0.0,1.64314,18.48488,20.53612,29.46006,5.53961,0.98921,600.44916,6.55084,1,1
4600.0,0.0,1.64209,18.44104,20.5478,29.49085,5.55134,0.98897,600.30673,6.69327,1,1
4604.0,0.0,1.64104,18.39721,20.55956,29.52179,5.56314,0.98874,600.16343,6.83657,1,1
4608.0,0.0,1.63999,18.35339,20.57138,29.55287,5.57502,0.9885,600.01926,6.98074,1,1
4612.0,0.0,1.63894,18.30959,20.58328,29.58409,5.58697,0.98826,599.87421,7.12579,1,1
4616.0,0.0,1.63789,18.2658,20.59525,29.61545,5.59899,0.98802,599.72827,7.27173,1,1
4620.0,0.0,1.63684,18.22202,20.60729,29.64696,5.61108,0.98778,599.58144,7.41856,1,1
4624.0,0.0,1.63579,18.17825,20.6194,29.67862,5.62325,0.98753,599.4337,7.5663,1,1
4628.0,0.0,1.63474,18.1345,20.63158,29.71042,5.6355,0.98729,599.28506,7.71494,1,1
4632.0,0.0,1.6337,18.09076,20.64384,29.74238,5.64782,0.98704,599.1355,7.8645,1,1
4636.0,0.0,1.63265,18.04703,20.65617,29.77448,5.66021,0.9868,598.98501,8.01499,1,1
4640.0,0.0,1.6316,18.00332,20.66858,29.80673,5.67269,0.98655,598.83359,8.16641,1,1
4644.0,0.0,1.63055,17.95962,20.68106,29.83913,5.68524,0.9863,598.68123,8.31877,1,1
4648.0,0.0,1.6295,17.91593,20.69361,29.87168,5.69786,0.98604,598.52793,8.47207,1,1
4652.0,0.0,1.62846,17.87225,20.70624,29.90438,5.71057,0.98579,598.37367,8.62633,1,1
4656.0,0.0,1.62741,17.82859,20.71895,29.93724,5.72336,0.98553,598.21845,8.78155,1,1
4660.0,0.0,1.62636,17.78494,20.73173,29.97025,5.73622,0.98528,598.06226,8.93774,1,1
4664.0,0.0,1.62532,17.7413,20.74459,30.00342,5.74917,0.98502,597.9051,9.0949,1,1
4668.0,0.0,1.62427,17.69768,20.75753,30.03674,5.7622,0.98476,597.74694,9.25306,1,1
4672.0,0.0,1.62323,17.65407,20.77055,30.07022,5.77531,0.98449,597.5878,9.4122,1,1
4676.0,0.0,1.62218,17.61048,20.78364,30.10385,5.7885,0.98423,597.42765,9.57235,1,1
4680.0,0.0,1.62114,17.56689,20.79682,30.13764,5.80177,0.98396,597.26649,9.73351,1,1
4684.0,0.0,1.62009,17.52332,20.81007,30.1716,5.81513,0.9837,597.10431,9.89569,1,1
4688.0,0.0,1.61905,17.47977,20.82341,30.20571,5.82857,0.98343,596.9411,10.0589,1,1
4692.0,0.0,1.618,17.43623,20.83682,30.23998,5.8421,0.98316,596.77686,10.22314,1,1
4696.0,0.0,1.61696,17.3927,20.85032,30.27442,5.85572,0.98289,596.61158,10.38842,1,1
4700.0,0.0,1.61592,17.34919,20.86389,30.30901,5.86942,0.98261,596.44524,10.55476,1,1
4704.0,0.0,1.61488,17.30569,20.87755,30.34377,5.88321,0.98234,596.27785,10.72215,1,1
4708.0,0.0,1.61383,17.2622,20.8913,30.3787,5.89709,0.98206,596.10938,10.89062,1,1
4712.0,0.0,1.61279,17.21873,20.90512,30.41379,5.91105,0.98178,595.93983,11.06017,1,1
4716.0,0.0,1.61175,17.17527,20.91903,30.44905,5.92511,0.9815,595.7692,11.2308,1,1
4720.0,0.0,1.61071,17.13183,20.93303,30.48447,5.93925,0.98121,595.59747,11.40253,1,1
4724.0,0.0,1.60967,17.0884,20.9471,30.52007,5.95349,0.98093,595.42463,11.57537,1,1
4728.0,0.0,1.60863,17.04498,20.96127,30.55583,5.96782,0.98064,595.25068,11.74932,1,1
4732.0,0.0,1.60758,17.00158,20.97552,30.59176,5.98224,0.98036,595.07561,11.92439,1,1
4736.0,0.0,1.60654,16.9582,20.98986,30.62787,5.99675,0.98006,594.8994,12.1006,1,1
4740.0,0.0,1.6055,16.91483,21.00428,30.66414,6.01136,0.97977,594.72205,12.27795,1,1
4744.0,0.0,1.60447,16.87147,21.01879,30.70059,6.02607,0.97948,594.54354,12.45646,1,1
4748.0,0.0,1.60343,16.82813,21.03339,30.73721,6.04087,0.97918,594.36388,12.63612,1,1
4752.0,0.0,1.60239,16.7848,21.04808,30.77401,6.05576,0.97888,594.18304,12.81696,1,1
4756.0,0.0,1.60135,16.74149,21.06286,30.81098,6.07076,0.97858,594.00102,12.99898,1,1
4760.0,0.0,1.60031,16.69819,21.07773,30.84814,6.08585,0.97828,593.81781,13.18219,1,1
4764.0,0.0,1.59927,16.65491,21.09269,30.88546,6.10104,0.97798,593.63339,13.36661,1,1
4768.0,0.0,1.59824,16.61165,21.10774,30.92297,6.11633,0.97767,593.44777,13.55223,1,1
4772.0,0.0,1.5972,16.5684,21.12288,30.96066,6.13172,0.97737,593.26092,13.73908,1,1
4776.0,0.0,1.59616,16.52516,21.13812,30.99853,6.14721,0.97706,593.07284,13.92716,1,1
4780.0,0.0,1.59513,16.48194,21.15345,31.03658,6.16281,0.97674,592.88352,14.11648,1,1
4784.0,0.0,1.59409,16.43874,21.16887,31.07481,6.17851,0.97643,592.69294,14.30706,1,1
4788.0,0.0,1.59306,16.39555,21.18438,31.11323,6.19431,0.97611,592.5011,14.4989,1,1
4792.0,0.0,1.59202,16.35237,21.19999,31.15183,6.21022,0.9758,592.30799,14.69201,1,1
4796.0,0.0,1.59099,16.30922,21.2157,31.19062,6.22623,0.97548,592.11359,14.88641,1,1
4800.0,0.0,1.58995,16.26608,21.2315,31.22959,6.24235,0.97515,591.91789,15.08211,1,1
4804.0,0.0,1.58892,16.22295,21.2474,31.26876,6.25858,0.97483,591.72089,15.27911,1,1
4808.0,0.0,1.58788,16.17984,21.2634,31.30811,6.27491,0.9745,591.52257,15.47743,1,1
4812.0,0.0,1.58685,16.13675,21.27949,31.34765,6.29136,0.97417,591.32292,15.67708,1,1
4816.0,0.0,1.58582,16.09367,21.29569,31.38739,6.30791,0.97384,591.12193,15.87807,1,1
4820.0,0.0,1.58479,16.05061,21.31198,31.42731,6.32458,0.97351,590.91958,16.08042,1,1
4824.0,0.0,1.58375,16.00757,21.32837,31.46743,6.34136,0.97317,590.71588,16.28412,1,1
4828.0,0.0,1.58272,15.96454,21.34486,31.50775,6.35825,0.97283,590.51079,16.48921,1,1
4832.0,0.0,1.58169,15.92153,21.36146,31.54826,6.37526,0.97249,590.30432,16.69568,1,1
4836.0,0.0,1.58066,15.87854,21.37815,31.58897,6.39238,0.97215,590.09645,16.90355,1,1
4840.0,0.0,1.57963,15.83556,21.39495,31.62987,6.40962,0.97181,589.88717,17.11283,1,1
4844.0,0.0,1.5786,15.7926,21.41185,31.67097,6.42698,0.97146,589.67647,17.32353,1,1
4848.0,0.0,1.57757,15.74966,21.42886,31.71228,6.44445,0.97111,589.46433,17.53567,1,1
4852.0,0.0,1.57654,15.70673,21.44596,31.75378,6.46205,0.97076,589.25074,17.74926,1,1
4856.0,0.0,1.57551,15.66382,21.46318,31.79549,6.47976,0.9704,589.03569,17.96431,1,1
4860.0,0.0,1.57449,15.62093,21.4805,31.83739,6.4976,0.97005,588.81917,18.18083,1,1
4864.0,0.0,1.57346,15.57806,21.49793,31.87951,6.51555,0.96969,588.60117,18.39883,1,1
4868.0,0.0,1.57243,15.5352,21.51546,31.92183,6.53364,0.96933,588.38166,18.61834,1,1
4872.0,0.0,1.5714,15.49236,21.5331,31.96435,6.55184,0.96896,588.16065,18.83935,1,1
4876.0,0.0,1.57038,15.44954,21.55085,32.00709,6.57017,0.9686,587.93811,19.06189,1,1
4880.0,0.0,1.56935,15.40674,21.56871,32.05003,6.58863,0.96823,587.71403,19.28597,1,1
4884.0,0.0,1.56833,15.36396,21.58668,32.09318,6.60722,0.96786,587.4884,19.5116,1,1
4888.0,0.0,1.5673,15.32119,21.60476,32.13654,6.62593,0.96748,587.26121,19.73879,1,1
4892.0,0.0,1.56628,15.27844,21.62296,32.18012,6.64477,0.9671,587.03244,19.96756,1,1
4896.0,0.0,1.56525,15.23571,21.64126,32.22391,6.66375,0.96673,586.80208,20.19792,1,1
4900.0,0.0,1.56423,15.193,21.65968,32.26791,6.68286,0.96634,586.57011,20.42989,1,1
4904.0,0.0,1.5632,15.15031,21.67821,32.31213,6.7021,0.96596,586.33652,20.66348,1,1
4908.0,0.0,1.56218,15.10763,21.69685,32.35656,6.72147,0.96557,586.1013,20.8987,1,1
4912.0,0.0,1.56116,15.06498,21.71561,32.40122,6.74099,0.96518,585.86444,21.13556,1,1
4916.0,0.0,1.56014,15.02234,21.73449,32.44609,6.76063,0.96479,585.62591,21.37409,1,1
4920.0,0.0,1.55911,14.97972,21.75348,32.49118,6.78042,0.96439,585.3857,21.6143,1,1
4924.0,0.0,1.55809,14.93712,21.77259,32.5365,6.80035,0.96399,585.1438,21.8562,1,1
4928.0,0.0,1.55707,14.89455,21.79182,32.58203,6.82041,0.96359,584.9002,22.0998,1,1
4932.0,0.0,1.55605,14.85199,21.81116,32.6278,6.84062,0.96319,584.65488,22.34512,1,1
4936.0,0.0,1.55503,14.80945,21.83063,32.67378,6.86097,0.96278,584.40782,22.59218,1,1
4940.0,0.0,1.55401,14.76692,21.85021,32.72,6.88147,0.96237,584.15901,22.84099,1,1
4944.0,0.0,1.55299,14.72442,21.86992,32.76644,6.90211,0.96196,583.90843,23.09157,1,1
4948.0,0.0,1.55198,14.68194,21.88975,32.8131,6.92289,0.96154,583.65608,23.34392,1,1
4952.0,0.0,1.55096,14.63948,21.9097,32.86,6.94383,0.96112,583.40192,23.59808,1,1
4956.0,0.0,1.54994,14.59704,21.92977,32.90713,6.96491,0.9607,583.14596,23.85404,1,1
4960.0,0.0,1.54892,14.55462,21.94997,32.9545,6.98615,0.96028,582.88816,24.11184,1,1
4964.0,0.0,1.54791,14.51222,21.9703,33.00209,7.00754,0.95985,582.62852,24.37148,1,1
4968.0,0.0,1.54689,14.46984,21.99074,33.04992,7.02908,0.95942,582.36702,24.63298,1,1
4972.0,0.0,1.54587,14.42748,22.01132,33.09799,7.05077,0.95898,582.10364,24.89636,1,1
4976.0,0.0,1.54486,14.38514,22.03202,33.14629,7.07262,0.95855,581.83837,25.16163,1,1
4980.0,0.0,1.54385,14.34283,22.05285,33.19484,7.09463,0.95811,581.57118,25.42882,1,1
4984.0,0.0,1.54283,14.30053,22.07381,33.24362,7.1168,0.95766,581.30207,25.69793,1,1
4988.0,0.0,1.54182,14.25825,22.0949,33.29264,7.13913,0.95722,581.03102,25.96898,1,1
4992.0,0.0,1.54081,14.216,22.11612,33.34191,7.16161,0.95677,580.758,26.242,1,1
4996.0,0.0,1.53979,14.17377,22.13747,33.39142,7.18427,0.95631,580.48301,26.51699,1,1
5000.0,0.0,1.53878,14.13156,22.15896,33.44117,7.20708,0.95586,580.20602,26.79398,1,1
5004.0,0.0,1.53777,14.08937,22.18057,33.49117,7.23006,0.9554,579.92702,27.07298,1,1
5008.0,0.0,1.53676,14.0472,22.20232,33.54142,7.25321,0.95494,579.64598,27.35402,1,1
5012.0,0.0,1.53575,14.00506,22.22421,33.59191,7.27653,0.95447,579.3629,27.6371,1,1
5016.0,0.0,1.53474,13.96293,22.24622,33.64266,7.30002,0.954,579.07775,27.92225,1,1
5020.0,0.0,1.53373,13.92083,22.26838,33.69365,7.32368,0.95353,578.79051,28.20949,1,1
5024.0,0.0,1.53272,13.87875,22.29067,33.7449,7.34751,0.95305,578.50117,28.49883,1,1
5028.0,0.0,1.53171,13.8367,22.3131,33.7964,7.37152,0.95257,578.20971,28.79029,1,1
5032.0,0.0,1.5307,13.79466,22.33567,33.84816,7.39571,0.95209,577.91611,29.08389,1,1
5036.0,0.0,1.5297,13.75265,22.35838,33.90017,7.42007,0.9516,577.62035,29.37965,1,1
5040.0,0.0,1.52869,13.71067,22.38123,33.95244,7.44461,0.95111,577.32241,29.67759,1,1
5044.0,0.0,1.52768,13.6687,22.40422,34.00497,7.46933,0.95061,577.02227,29.97773,1,1
5048.0,0.0,1.52668,13.62676,22.42735,34.05776,7.49424,0.95012,576.71992,30.28008,1,1
5052.0,0.0,1.52567,13.58485,22.45063,34.11081,7.51933,0.94961,576.41533,30.58467,1,1
5056.0,0.0,1.52467,13.54295,22.47405,34.16412,7.54461,0.94911,576.10848,30.89152,1,1
5060.0,0.0,1.52367,13.50108,22.49761,34.21769,7.57007,0.9486,575.79936,31.20064,1,1
5064.0,0.0,1.52266,13.45924,22.52132,34.27153,7.59572,0.94809,575.48794,31.51206,1,1
5068.0,0.0,1.52166,13.41742,22.54518,34.32564,7.62157,0.94757,575.1742,31.8258,1,1
5072.0,0.0,1.52066,13.37562,22.56918,34.38001,7.6476,0.94705,574.85813,32.14187,1,1
5076.0,0.0,1.51966,13.33385,22.59334,34.43466,7.67383,0.94652,574.5397,32.4603,1,1
5080.0,0.0,1.51866,13.2921,22.61764,34.48957,7.70026,0.94599,574.21889,32.78111,1,1
5084.0,0.0,1.51766,13.25038,22.64209,34.54475,7.72688,0.94546,573.89568,33.10432,1,1
5088.0,0.0,1.51666,13.20868,22.66669,34.60021,7.7537,0.94493,573.57005,33.42995,1,1
5092.0,0.0,1.51566,13.16701,22.69144,34.65594,7.78073,0.94439,573.24199,33.75801,1,1
5096.0,0.0,1.51466,13.12536,22.71635,34.71194,7.80795,0.94384,572.91145,34.08855,1,1
5100.0,0.0,1.51366,13.08374,22.74141,34.76823,7.83538,0.94329,572.57844,34.42156,1,1
5104.0,0.0,1.51266,13.04214,22.76663,34.82478,7.86302,0.94274,572.24292,34.75708,1,1
5108.0,0.0,1.51167,13.00057,22.792,34.88162,7.89087,0.94218,571.90487,35.09513,1,1
5112.0,0.0,1.51067,12.95902,22.81752,34.93874,7.91892,0.94162,571.56427,35.43573,1,1
5116.0,0.0,1.50968,12.91751,22.8432,34.99614,7.94719,0.94106,571.2211,35.7789,1,1
5120.0,0.0,1.50868,12.87601,22.86905,35.05383,7.97567,0.94049,570.87533,36.12467,1,1
5124.0,0.0,1.50769,12.83455,22.89505,35.11179,8.00437,0.93991,570.52694,36.47306,1,1
5128.0,0.0,1.50669,12.79311,22.92121,35.17004,8.03329,0.93933,570.17592,36.82408,1,1
5132.0,0.0,1.5057,12.7517,22.94753,35.22858,8.06242,0.93875,569.82223,37.17777,1,1
5136.0,0.0,1.50471,12.71031,22.97401,35.28741,8.09177,0.93816,569.46585,37.53415,1,1
5140.0,0.0,1.50372,12.66896,23.00066,35.34653,8.12135,0.93757,569.10677,37.89323,1,1
5144.0,0.0,1.50273,12.62763,23.02746,35.40593,8.15116,0.93698,568.74495,38.25505,1,1
5148.0,0.0,1.50174,12.58632,23.05444,35.46563,8.18119,0.93638,568.38037,38.61963,1,1
5152.0,0.0,1.50075,12.54505,23.08158,35.52562,8.21145,0.93577,568.01301,38.98699,1,1
5156.0,0.0,1.49976,12.5038,23.10888,35.58591,8.24194,0.93516,567.64285,39.35715,1,1
5160.0,0.0,1.49877,12.46259,23.13635,35.64649,8.27266,0.93455,567.26985,39.73015,1,1
5164.0,0.0,1.49778,12.4214,23.16399,35.70736,8.30362,0.93393,566.894,40.106,1,1
5168.0,0.0,1.4968,12.38024,23.1918,35.76854,8.33482,0.9333,566.51528,40.48472,1,1
5172.0,0.0,1.49581,12.3391,23.21978,35.83001,8.36626,0.93267,566.13364,40.86636,1,1
5176.0,0.0,1.49482,12.298,23.24793,35.89178,8.39793,0.93204,565.74908,41.25092,1,1
5180.0,0.0,1.49384,12.25693,23.27626,35.95386,8.42985,0.9314,565.36157,41.63843,1,1
5184.0,0.0,1.49286,12.21588,23.30475,36.01624,8.46202,0.93076,564.97107,42.02893,1,1
5188.0,0.0,1.49187,12.17487,23.33342,36.07892,8.49443,0.93011,564.57757,42.42243,1,1
5192.0,0.0,1.49089,12.13389,23.36227,36.1419,8.5271,0.92946,564.18104,42.81896,1,1
5196.0,0.0,1.48991,12.09293,23.39129,36.2052,8.56001,0.9288,563.78145,43.21855,1,1
5200.0,0.0,1.48893,12.05201,23.42048,36.2688,8.59318,0.92814,563.37877,43.62123,1,1
5204.0,0.0,1.48795,12.01112,23.44985,36.33271,8.62661,0.92747,562.97299,44.02701,1,1
5208.0,0.0,1.48697,11.97025,23.47941,36.39693,8.66029,0.92679,562.56407,44.43593,1,1
5212.0,0.0,1.48599,11.92942,23.50914,36.46145,8.69423,0.92612,562.15199,44.84801,1,1
5216.0,0.0,1.48501,11.88862,23.53905,36.5263,8.72844,0.92543,561.73672,45.26328,1,1
5220.0,0.0,1.48403,11.84785,23.56914,36.59145,8.76291,0.92474,561.31823,45.68177,1,1
5224.0,0.0,1.48306,11.80712,23.59942,36.65692,8.79765,0.92405,560.8965,46.1035,1,1
5228.0,0.0,1.48208,11.76641,23.62987,36.72271,8.83266,0.92335,560.4715,46.5285,1,1
5232.0,0.0,1.48111,11.72574,23.66051,36.78881,8.86794,0.92264,560.0432,46.9568,1,1
5236.0,0.0,1.48013,11.6851,23.69134,36.85523,8.9035,0.92193,559.61157,47.38843,1,1
5240.0,0.0,1.47916,11.64449,23.72235,36.92196,8.93933,0.92121,559.17658,47.82342,1,1
5244.0,0.0,1.47818,11.60391,23.75355,36.98902,8.97544,0.92049,558.73822,48.26178,1,1
5248.0,0.0,1.47721,11.56337,23.78494,37.0564,9.01183,0.91976,558.29644,48.70356,1,1
5252.0,0.0,1.47624,11.52286,23.81651,37.1241,9.0485,0.91903,557.85123,49.14877,1,1
5256.0,0.0,1.47527,11.48239,23.84828,37.19212,9.08546,0.91829,557.40254,49.59746,1,1
5260.0,0.0,1.4743,11.44195,23.88023,37.26047,9.12271,0.91755,556.95036,50.04964,1,1
5264.0,0.0,1.47333,11.40154,23.91238,37.32915,9.16024,0.9168,556.49466,50.50534,1,1
5268.0,0.0,1.47237,11.36117,23.94472,37.39814,9.19807,0.91604,556.03539,50.96461,1,1
5272.0,0.0,1.4714,11.32083,23.97725,37.46747,9.2362,0.91528,555.57255,51.42745,1,1
5276.0,0.0,1.47043,11.28053,24.00997,37.53713,9.27462,0.91451,555.10609,51.89391,1,1
5280.0,0.0,1.46947,11.24026,24.04289,37.60711,9.31334,0.91373,554.63599,52.36401,1,1
5284.0,0.0,1.4685,11.20002,24.07601,37.67742,9.35237,0.91295,554.16222,52.83778,1,1
5288.0,0.0,1.46754,11.15983,24.10932,37.74807,9.3917,0.91217,553.68475,53.31525,1,1
5292.0,0.0,1.46658,11.11966,24.14283,37.81904,9.43134,0.91137,553.20354,53.79646,1,1
5296.0,0.0,1.46561,11.07954,24.17654,37.89035,9.47129,0.91057,552.71857,54.28143,1,1
5300.0,0.0,1.46465,11.03945,24.21045,37.962,9.51155,0.90977,552.22981,54.77019,1,1
5304.0,0.0,1.46369,10.9994,24.24456,38.03397,9.55212,0.90896,551.73723,55.26277,1,1
5308.0,0.0,1.46273,10.95938,24.27887,38.10629,9.59302,0.90814,551.24079,55.75921,1,1
5312.0,0.0,1.46177,10.9194,24.31338,38.17894,9.63423,0.90732,550.74047,56.25953,1,1
5316.0,0.0,1.46082,10.87946,24.34809,38.25192,9.67576,0.90648,550.23623,56.76377,1,1
5320.0,0.0,1.45986,10.83956,24.38301,38.32525,9.71762,0.90565,549.72805,57.27195,1,1
5324.0,0.0,1.4589,10.79969,24.41813,38.39891,9.75981,0.9048,549.21589,57.78411,1,1
5328.0,0.0,1.45795,10.75987,24.45346,38.47291,9.80233,0.90395,548.69973,58.30027,1,1
5332.0,0.0,1.457,10.72008,24.48899,38.54725,9.84518,0.9031,548.17952,58.82048,1,1
5336.0,0.0,1.45604,10.68033,24.52473,38.62194,9.88837,0.90223,547.65525,59.34475,1,1
5340.0,0.0,1.45509,10.64062,24.56068,38.69696,9.93189,0.90136,547.12687,59.87313,1,1
5344.0,0.0,1.45414,10.60095,24.59683,38.77233,9.97575,0.90048,546.59436,60.40564,1,1
5348.0,0.0,1.45319,10.56131,24.6332,38.84804,10.01996,0.8996,546.05768,60.94232,1,1
5352.0,0.0,1.45224,10.52172,24.66977,38.9241,10.06451,0.89871,545.51681,61.48319,1,1
5356.0,0.0,1.45129,10.48217,24.70656,39.00049,10.10941,0.89781,544.97171,62.02829,1,1
5360.0,0.0,1.45035,10.44266,24.74356,39.07724,10.15467,0.89691,544.42235,62.57765,1,1
5364.0,0.0,1.4494,10.40319,24.78077,39.15432,10.20027,0.89599,543.86869,63.13131,1,1
5368.0,0.0,1.44845,10.36376,24.81819,39.23176,10.24623,0.89508,543.31072,63.68928,1,1
5372.0,0.0,1.44751,10.32438,24.85583,39.30954,10.29256,0.89415,542.74838,64.25162,1,1
5376.0,0.0,1.44657,10.28503,24.89368,39.38767,10.33924,0.89322,542.18166,64.81834,1,1
5380.0,0.0,1.44562,10.24573,24.93175,39.46614,10.38628,0.89227,541.61051,65.38949,1,1
5384.0,0.0,1.44468,10.20647,24.97003,39.54496,10.4337,0.89133,541.03492,65.96508,1,1
5388.0,0.0,1.44374,10.16725,25.00853,39.62413,10.48148,0.89037,540.45483,66.54517,1,1
5392.0,0.0,1.4428,10.12808,25.04725,39.70365,10.52963,0.88941,539.87023,67.12977,1,1
5396.0,0.0,1.44187,10.08894,25.08619,39.78352,10.57816,0.88844,539.28108,67.71892,1,1
5400.0,0.0,1.44093,10.04986,25.12534,39.86374,10.62707,0.88746,538.68735,68.31265,1,1
5404.0,0.0,1.43999,10.01081,25.16472,39.9443,10.67636,0.88647,538.089,68.911,1,1
5408.0,0.0,1.43906,9.97181,25.20431,40.02522,10.72603,0.88548,537.48601,69.51399,1,1
5412.0,0.0,1.43812,9.93286,25.24413,40.10649,10.77608,0.88448,536.87833,70.12167,1,1
5416.0,0.0,1.43719,9.89395,25.28416,40.1881,10.82653,0.88347,536.26595,70.73405,1,1
5420.0,0.0,1.43626,9.85509,25.32442,40.27007,10.87736,0.88245,535.64882,71.35118,1,1
5424.0,0.0,1.43533,9.81627,25.3649,40.35238,10.92859,0.88143,535.02691,71.97309,1,1
5428.0,0.0,1.4344,9.7775,25.40561,40.43505,10.98021,0.8804,534.4002,72.5998,1,1
5432.0,0.0,1.43347,9.73877,25.44654,40.51807,11.03224,0.87936,533.76864,73.23136,1,1
5436.0,0.0,1.43254,9.70009,25.48769,40.60144,11.08466,0.87831,533.13221,73.86779,1,1
5440.0,0.0,1.43162,9.66146,25.52907,40.68515,11.13749,0.87725,532.49088,74.50912,1,1
5444.0,0.0,1.43069,9.62287,25.57067,40.76922,11.19072,0.87619,531.84461,75.15539,1,1
5448.0,0.0,1.42977,9.58434,25.6125,40.85364,11.24437,0.87511,531.19336,75.80664,1,1
5452.0,0.0,1.42885,9.54585,25.65455,40.93841,11.29842,0.87403,530.53712,76.46288,1,1
5456.0,0.0,1.42792,9.50741,25.69683,41.02353,11.3529,0.87294,529.87585,77.12415,1,1
5460.0,0.0,1.427,9.46901,25.73934,41.109,11.40778,0.87184,529.20951,77.79049,1,1
5464.0,0.0,1.42608,9.43067,25.78208,41.19482,11.46309,0.87074,528.53807,78.46193,1,1
5468.0,0.0,1.42517,9.39238,25.82504,41.28099,11.51882,0.86962,527.86151,79.13849,1,1
5472.0,0.0,1.42425,9.35414,25.86823,41.3675,11.57498,0.8685,527.17978,79.82022,1,1
5476.0,0.0,1.42333,9.31594,25.91166,41.45437,11.63156,0.86737,526.49287,80.50713,1,1
5480.0,0.0,1.42242,9.2778,25.95531,41.54158,11.68857,0.86623,525.80074,81.19926,1,1
5484.0,0.0,1.42151,9.23971,25.99919,41.62914,11.74602,0.86508,525.10335,81.89665,1,1
5488.0,0.0,1.42059,9.20167,26.0433,41.71705,11.8039,0.86392,524.40069,82.59931,1,1
5492.0,0.0,1.41968,9.16368,26.08764,41.80531,11.86222,0.86276,523.6927,83.3073,1,1
5496.0,0.0,1.41877,9.12574,26.13221,41.89391,11.92097,0.86158,522.97938,84.02062,1,1
5500.0,0.0,1.41787,9.08786,26.17701,41.98286,11.98017,0.8604,522.26068,84.73932,1,1
5504.0,0.0,1.41696,9.05003,26.22204,42.07215,12.03982,0.8592,521.53658,85.46342,1,1
5508.0,0.0,1.41605,9.01225,26.2673,42.16178,12.09991,0.858,520.80705,86.19295,1,1
5512.0,0.0,1.41515,8.97453,26.3128,42.25176,12.16046,0.85679,520.07206,86.92794,1,1
5516.0,0.0,1.41425,8.93686,26.35852,42.34209,12.22145,0.85557,519.33157,87.66843,1,1
5520.0,0.0,1.41334,8.89924,26.40448,42.43275,12.2829,0.85434,518.58557,88.41443,1,1
5524.0,0.0,1.41244,8.86168,26.45067,42.52375,12.34481,0.8531,517.83402,89.16598,1,1
5528.0,0.0,1.41154,8.82417,26.49709,42.6151,12.40718,0.85186,517.07689,89.92311,1,1
5532.0,0.0,1.41065,8.78672,26.54374,42.70678,12.47,0.8506,516.31416,90.68584,1,1
5536.0,0.0,1.40975,8.74933,26.59063,42.7988,12.5333,0.84933,515.54579,91.45421,1,1
5540.0,0.0,1.40886,8.71199,26.63774,42.89116,12.59705,0.84806,514.77177,92.22823,1,1
5544.0,0.0,1.40796,8.67471,26.68509,42.98385,12.66128,0.84677,513.99207,93.00793,1,1
5548.0,0.0,1.40707,8.63749,26.73267,43.07688,12.72598,0.84548,513.20665,93.79335,1,1
5552.0,0.0,1.40618,8.60032,26.78049,43.17024,12.79115,0.84418,512.41549,94.58451,1,1
5556.0,0.0,1.40529,8.56321,26.82853,43.26393,12.85679,0.84286,511.61857,95.38143,1,1
5560.0,0.0,1.4044,8.52616,26.87681,43.35796,12.92291,0.84154,510.81586,96.18414,1,1
5564.0,0.0,1.40351,8.48917,26.92531,43.45231,12.98951,0.84021,510.00734,96.99266,1,1
5568.0,0.0,1.40263,8.45224,26.97405,43.54699,13.05659,0.83887,509.19298,97.80702,1,1
5572.0,0.0,1.40174,8.41537,27.02302,43.642,13.12416,0.83752,508.37276,98.62724,1,1
5576.0,0.0,1.40086,8.37855,27.07222,43.73733,13.1922,0.83616,507.54665,99.45335,1,1
5580.0,0.0,1.39998,8.3418,27.12165,43.83298,13.26074,0.83479,506.71463,100.28537,1,1
5584.0,0.0,1.3991,8.30511,27.17131,43.92895,13.32976,0.8334,505.87669,101.12331,1,1
5588.0,0.0,1.39822,8.26848,27.22121,44.02525,13.39928,0.83201,505.03279,101.96721,1,1
5592.0,0.0,1.39735,8.23191,27.27133,44.12186,13.46928,0.83061,504.18292,102.81708,1,1
5596.0,0.0,1.39647,8.19541,27.32168,44.21879,13.53978,0.8292,503.32705,103.67295,1,1
5600.0,0.0,1.3956,8.15896,27.37226,44.31603,13.61078,0.82778,502.46517,104.53483,1,1
5604.0,0.0,1.39473,8.12258,27.42307,44.41359,13.68227,0.82635,501.59725,105.40275,1,1
5608.0,0.0,1.39385,8.08627,27.4741,44.51145,13.75426,0.82491,500.72329,106.27671,1,1
5612.0,0.0,1.39299,8.05001,27.52537,44.60962,13.82675,0.82346,499.84324,107.15676,1,1
5616.0,0.0,1.39212,8.01382,27.57686,44.7081,13.89974,0.82201,498.95711,108.04289,1,1
5620.0,0.0,1.39125,7.9777,27.62858,44.80689,13.97324,0.82054,498.06488,108.93512,1,1
5624.0,0.0,1.39039,7.94164,27.68052,44.90597,14.04724,0.81906,497.16651,109.83349,1,1
5628.0,0.0,1.38952,7.90565,27.73269,45.00535,14.12175,0.81757,496.26201,110.73799,1,1
5632.0,0.0,1.38866,7.86972,27.78508,45.10503,14.19676,0.81606,495.35136,111.64864,1,1
5636.0,0.0,1.3878,7.83386,27.8377,45.20501,14.27228,0.81455,494.43453,112.56547,1,1
5640.0,0.0,1.38695,7.79806,27.89054,45.30528,14.34831,0.81303,493.51152,113.48848,1,1
5644.0,0.0,1.38609,7.76234,27.9436,45.40584,14.42485,0.8115,492.58232,114.41768,1,1
5648.0,0.0,1.38523,7.72668,27.99689,45.50668,14.5019,0.80996,491.64691,115.35309,1,1
5652.0,0.0,1.38438,7.69108,28.05039,45.60781,14.57947,0.80841,490.70527,116.29473,1,1
5656.0,0.0,1.38353,7.65556,28.10412,45.70922,14.65754,0.80685,489.75741,117.24259,1,1
5660.0,0.0,1.38268,7.62011,28.15806,45.81091,14.73614,0.80528,488.80331,118.19669,1,1
5664.0,0.0,1.38183,7.58472,28.21223,45.91288,14.81524,0.8037,487.84295,119.15705,1,1
5668.0,0.0,1.38098,7.54941,28.26661,46.01512,14.89486,0.8021,486.87634,120.12366,1,1
5672.0,0.0,1.38014,7.51417,28.3212,46.11763,14.975,0.8005,485.90347,121.09653,1,1
5676.0,0.0,1.3793,7.47899,28.37602,46.22041,15.05566,0.79889,0.0,607.0,1,0
5680.0,0.0,1.37845,7.44389,28.43104,41.88024,11.03972,0.87921,0.0,607.0,1,0
5684.0,0.0,1.37782,7.41747,27.04934,36.05116,7.36925,0.95261,0.0,607.0,1,0
5688.0,0.0,1.3774,7.39973,25.17817,29.6955,4.65988,1.0,0.0,607.0,1,0
5692.0,0.0,1.37718,7.39066,23.12991,23.14119,2.82498,1.0,0.0,607.0,1,0
5696.0,0.0,1.37717,7.39028,21.01407,21.01407,2.48024,1.0,0.0,607.0,1,0
5700.0,0.0,1.37716,7.38992,20.32738,20.32738,2.37732,1.0,0.0,607.0,1,0
5704.0,0.0,1.37715,7.38956,20.10569,20.10569,2.3449,1.0,0.0,607.0,1,0
5708.0,0.0,1.37714,7.38919,20.03412,20.03412,2.33451,1.0,0.0,607.0,1,0
5712.0,0.0,1.37713,7.38883,20.01102,20.01102,2.33117,1.0,0.0,607.0,1,0
5716.0,0.0,1.37713,7.38847,20.00356,20.00356,2.33009,1.0,0.0,607.0,1,0
5720.0,0.0,1.37712,7.3881,20.00115,20.00115,2.32974,1.0,0.0,607.0,1,0
5724.0,0.0,1.37711,7.38774,20.00037,20.00037,2.32963,1.0,0.0,607.0,1,0
5728.0,0.0,1.3771,7.38738,20.00012,20.00012,2.32959,1.0,0.0,607.0,1,0
5732.0,0.0,1.37709,7.38702,20.00004,20.00004,2.32958,1.0,0.0,607.0,1,0
5736.0,0.0,1.37708,7.38665,20.00001,20.00001,2.32958,1.0,0.0,607.0,1,0
5740.0,0.0,1.37707,7.38629,20.0,20.0,2.32958,1.0,0.0,607.0,1,0
5744.0,0.0,1.37707,7.38593,20.0,20.0,2.32958,1.0,0.0,607.0,1,0
5748.0,0.0,1.37706,7.38557,20.0,20.0,2.32958,1.0,0.0,607.0,1,0
5752.0,0.0,1.37705,7.3852,20.0,20.0,2.32958,1.0,0.0,607.0,1,0
5756.0,0.0,1.37704,7.38484,20.0,20.0,2.32958,1.0,0.0,607.0,1,0
5760.0,0.0,1.37703,7.38448,20.0,20.0,2.32958,1.0,0.0,607.0,1,0
5764.0,0.0,1.37702,7.38412,20.0,20.0,2.32958,1.0,0.0,607.0,1,0
5768.0,0.0,1.37701,7.38376,20.0,20.0,2.32958,1.0,0.0,607.0,1,0
5772.0,0.0,1.377,7.38339,20.0,20.0,2.32958,1.0,0.0,607.0,1,0
5776.0,0.0,1.377,7.38303,20.0,20.0,2.32958,1.0,0.0,607.0,1,0
5780.0,0.0,1.37699,7.38267,20.0,20.0,2.32958,1.0,0.0,607.0,1,0
5784.0,0.0,1.37698,7.38231,20.0,20.0,2.32958,1.0,0.0,607.0,1,0
5788.0,0.0,1.37697,7.38194,20.0,20.0,2.32958,1.0,0.0,607.0,1,0
5792.0,0.0,1.37696,7.38158,20.0,20.0,2.32958,1.0,0.0,607.0,1,0
5796.0,0.0,1.37695,7.38122,20.0,20.0,2.32958,1.0,0.0,607.0,1,0
5800.0,0.0,1.37694,7.38086,20.0,20.0,2.32958,1.0,0.0,607.0,1,0
