t,H_tank,H_pool,m_cw,T_cw_in,T_return,p_b,k_p,f,Paff_MW,Prest_MW,Pmech_MW,Pload_MW,shed,pump,gen
0.0,3.42202,2.7878,31.815,20.0,25.24025,5.0,1.0,50.0,607.0,3642.0,4249.0,4249.0,0.0,1,1
4.0,3.42202,2.7878,31.815,20.0,25.24025,5.0,1.0,50.0,607.0,3642.0,4249.0,4249.0,0.0,1,1
8.0,3.42202,2.7878,31.815,20.0,25.24025,5.0,1.0,50.0,607.0,3642.0,4249.0,4249.0,0.0,1,1
12.0,3.42201,2.7878,31.815,20.0,25.24025,5.0,1.0,50.0,607.0,3642.0,4249.0,4249.0,0.0,1,1
16.0,3.42201,2.7878,31.815,20.0,25.24025,5.0,1.0,50.0,607.0,3642.0,4249.0,4249.0,0.0,1,1
20.0,3.42201,2.7878,31.815,20.0,25.24025,5.0,1.0,50.0,607.0,3642.0,4249.0,4249.0,0.0,1,1
24.0,3.42201,2.7878,31.815,20.0,25.24025,5.0,1.0,50.0,607.0,3642.0,4249.0,4249.0,0.0,1,1
28.0,3.42201,2.7878,31.815,20.0,25.24025,5.0,1.0,50.0,607.0,3642.0,4249.0,4249.0,0.0,1,1
32.0,3.42201,2.7878,31.815,20.0,25.24025,5.0,1.0,50.0,607.0,3642.0,4249.0,4249.0,0.0,1,1
36.0,3.42201,2.7878,31.815,20.0,25.24025,5.0,1.0,50.0,607.0,3642.0,4249.0,4249.0,0.0,1,1
40.0,3.42201,2.7878,31.815,20.0,25.24025,5.0,1.0,50.0,607.0,3642.0,4249.0,4249.0,0.0,1,1
44.0,3.42201,2.7878,31.815,20.0,25.24025,5.0,1.0,50.0,607.0,3642.0,4249.0,4249.0,0.0,1,1
48.0,3.42201,2.7878,31.815,20.0,25.24025,5.0,1.0,50.0,607.0,3642.0,4249.0,4249.0,0.0,1,1
52.0,3.42201,2.7878,31.815,20.0,25.24025,5.0,1.0,50.0,607.0,3642.0,4249.0,4249.0,0.0,1,1
56.0,3.42201,2.7878,31.815,20.0,25.24025,5.0,1.0,50.0,607.0,3642.0,4249.0,4249.0,0.0,1,1
60.0,3.42201,2.7878,31.815,20.0,25.24025,5.0,1.0,50.0,607.0,3642.0,4249.0,4249.0,0.0,1,1
64.0,3.36831,2.7878,31.815,20.0,25.24025,5.0,1.0,50.0,607.0,3642.0,4249.0,4249.0,0.0,1,1
68.0,3.31471,2.7878,31.815,20.0,25.24025,5.0,1.0,50.0,607.0,3642.0,4249.0,4249.0,0.0,1,1
72.0,3.26119,2.78778,31.815,20.0,25.24025,5.0,1.0,50.0,607.0,3642.0,4249.0,4249.0,0.0,1,1
76.0,3.20777,2.78776,31.815,20.0,25.24025,5.0,1.0,50.0,607.0,3642.0,4249.0,4249.0,0.0,1,1
80.0,3.15443,2.78773,31.815,20.0,25.24025,5.0,1.0,50.0,607.0,3642.0,4249.0,4249.0,0.0,1,1
84.0,3.10117,2.7877,31.815,20.0,25.24025,5.0,1.0,50.0,607.0,3642.0,4249.0,4249.0,0.0,1,1
88.0,3.048,2.78766,31.815,20.0,25.24025,5.0,1.0,50.0,607.0,3642.0,4249.0,4249.0,0.0,1,1
92.0,2.99492,2.78762,31.815,20.0,25.24025,5.0,1.0,50.0,607.0,3642.0,4249.0,4249.0,0.0,1,1
96.0,2.94191,2.78756,31.815,20.0,25.24025,5.0,1.0,50.0,607.0,3642.0,4249.0,4249.0,0.0,1,1
100.0,2.88898,2.78751,31.815,20.0,25.24025,5.0,1.0,50.0,607.0,3642.0,4249.0,4249.0,0.0,1,1
104.0,2.83613,2.78744,31.815,20.0,25.24025,5.0,1.0,50.0,607.0,3642.0,4249.0,4249.0,0.0,1,1
108.0,2.78336,2.78737,31.815,20.0,25.24025,5.0,1.0,50.0,607.0,3642.0,4249.0,4249.0,0.0,1,1
112.0,2.73066,2.7873,31.815,20.0,25.24025,5.0,1.0,50.0,607.0,3642.0,4249.0,4249.0,0.0,1,1
116.0,2.67804,2.78722,31.815,20.0,25.24025,5.0,1.0,50.0,607.0,3642.0,4249.0,4249.0,0.0,1,1
120.0,2.62549,2.78713,31.815,20.0,25.24025,5.0,1.0,50.0,607.0,3642.0,4249.0,4249.0,0.0,1,1
124.0,2.57301,2.78704,31.815,20.0,25.24025,5.0,1.0,50.0,607.0,3642.0,4249.0,4249.0,0.0,1,1
128.0,2.5206,2.78694,31.815,20.0,25.24025,5.0,1.0,50.0,607.0,3642.0,4249.0,4249.0,0.0,1,1
132.0,2.46826,2.78684,31.815,20.0,25.24025,5.0,1.0,50.0,607.0,3642.0,4249.0,4249.0,0.0,1,1
136.0,2.41599,2.78673,31.815,20.0,25.24025,5.0,1.0,50.0,607.0,3642.0,4249.0,4249.0,0.0,1,1
140.0,2.36378,2.78662,31.815,20.0,25.24025,5.0,1.0,50.0,607.0,3642.0,4249.0,4249.0,0.0,1,1
144.0,2.31164,2.7865,31.815,20.0,25.24025,5.0,1.0,50.0,607.0,3642.0,4249.0,4249.0,0.0,1,1
148.0,2.25957,2.78638,31.815,20.0,25.24025,5.0,1.0,50.0,607.0,3642.0,4249.0,4249.0,0.0,1,1
152.0,2.20756,2.78626,31.815,20.0,25.24025,5.0,1.0,50.0,607.0,3642.0,4249.0,4249.0,0.0,1,1
156.0,2.15561,2.78612,31.815,20.0,25.24025,5.0,1.0,50.0,607.0,3642.0,4249.0,4249.0,0.0,1,1
160.0,2.10372,2.78599,31.815,20.0,25.24025,5.0,1.0,50.0,607.0,3642.0,4249.0,4249.0,0.0,1,1
164.0,2.0519,2.78585,31.815,20.0,25.24025,5.0,1.0,50.0,607.0,3642.0,4249.0,4249.0,0.0,1,1
168.0,2.00013,2.7857,31.815,20.0,25.24025,5.0,1.0,50.0,607.0,3642.0,4249.0,4249.0,0.0,1,1
172.0,1.94842,2.78555,31.815,20.0,25.24025,5.0,1.0,50.0,607.0,3642.0,4249.0,4249.0,0.0,1,1
176.0,1.89677,2.7854,31.815,20.0,25.24025,5.0,1.0,50.0,607.0,3642.0,4249.0,4249.0,0.0,1,1
180.0,1.84518,2.78524,31.815,20.0,25.24025,5.0,1.0,50.0,607.0,3642.0,4249.0,4249.0,0.0,1,1
184.0,1.79364,2.78508,31.815,20.0,25.24025,5.0,1.0,50.0,607.0,3642.0,4249.0,4249.0,0.0,1,1
188.0,1.74216,2.78491,31.815,20.0,25.24025,5.0,1.0,50.0,607.0,3642.0,4249.0,4249.0,0.0,1,1
192.0,1.69073,2.78474,31.815,20.0,25.24025,5.0,1.0,50.0,607.0,3642.0,4249.0,4249.0,0.0,1,1
196.0,1.63936,2.78457,31.815,20.0,25.24025,5.0,1.0,50.0,607.0,3642.0,4249.0,4249.0,0.0,1,1
200.0,1.58804,2.78439,31.815,20.0,25.24025,5.0,1.0,50.0,607.0,3642.0,4249.0,4249.0,0.0,1,1
204.0,1.53677,2.78421,31.815,20.0,25.24025,5.0,1.0,50.0,607.0,3642.0,4249.0,4249.0,0.0,1,1
208.0,1.48555,2.78402,31.815,20.0,25.24025,5.0,1.0,50.0,607.0,3642.0,4249.0,4249.0,0.0,1,1
212.0,1.43439,2.78383,31.815,20.0,25.24025,5.0,1.0,50.0,607.0,3642.0,4249.0,4249.0,0.0,1,1
216.0,1.38327,2.78364,31.815,20.0,25.24025,5.0,1.0,50.0,607.0,3642.0,4249.0,4249.0,0.0,1,1
220.0,1.33221,2.78344,31.815,20.0,25.24025,5.0,1.0,50.0,607.0,3642.0,4249.0,4249.0,0.0,1,1
224.0,1.28119,2.78324,31.815,20.0,25.24025,5.0,1.0,50.0,607.0,3642.0,4249.0,4249.0,0.0,1,1
228.0,1.23022,2.78303,31.815,20.0,25.24025,5.0,1.0,50.0,607.0,3642.0,4249.0,4249.0,0.0,1,1
232.0,1.1793,2.78283,31.815,20.0,25.24025,5.0,1.0,50.0,607.0,3642.0,4249.0,4249.0,0.0,1,1
236.0,1.12843,2.78261,31.815,20.0,25.24025,5.0,1.0,50.0,607.0,3642.0,4249.0,4249.0,0.0,1,1
240.0,1.07761,2.7824,31.815,20.0,25.24025,5.0,1.0,50.0,607.0,3642.0,4249.0,4249.0,0.0,1,1
244.0,1.02683,2.78218,31.815,20.0,25.24025,5.0,1.0,50.0,607.0,3642.0,4249.0,4249.0,0.0,1,1
248.0,0.97609,2.78196,31.815,20.0,25.24025,5.0,1.0,50.0,607.0,3642.0,4249.0,4249.0,0.0,1,1
252.0,0.9254,2.78173,31.815,20.0,25.24025,5.0,1.0,50.0,607.0,3642.0,4249.0,4249.0,0.0,1,1
256.0,0.87476,2.7815,31.815,20.0,25.24025,5.0,1.0,50.0,607.0,3642.0,4249.0,4249.0,0.0,1,1
260.0,0.82416,2.78127,31.815,20.0,25.24025,5.0,1.0,50.0,607.0,3642.0,4249.0,4249.0,0.0,1,1
264.0,0.7736,2.78103,31.815,20.0,25.24025,5.0,1.0,50.0,607.0,3642.0,4249.0,4249.0,0.0,1,1
268.0,0.72309,2.7808,31.815,20.0,25.24025,5.0,1.0,50.0,607.0,3642.0,4249.0,4249.0,0.0,1,1
272.0,0.67262,2.78055,31.815,20.0,25.24025,5.0,1.0,50.0,607.0,3642.0,4249.0,4249.0,0.0,1,1
276.0,0.62219,2.78031,31.815,20.0,25.24025,5.0,1.0,50.0,607.0,3642.0,4249.0,4249.0,0.0,1,1
280.0,0.57181,2.78006,31.815,20.0,25.24025,5.0,1.0,50.0,607.0,3642.0,4249.0,4249.0,0.0,1,1
284.0,0.52146,2.77981,31.815,20.0,25.24025,5.0,1.0,50.0,607.0,3642.0,4249.0,4249.0,0.0,1,1
288.0,0.47116,2.77955,31.815,20.0,25.24025,5.0,1.0,50.0,607.0,3642.0,4249.0,4249.0,0.0,1,1
292.0,0.4209,2.7793,31.815,20.0,25.24025,5.0,1.0,50.0,607.0,3642.0,4249.0,4249.0,0.0,1,1
296.0,0.37067,2.77903,31.815,20.0,25.24025,5.0,1.0,50.0,607.0,3642.0,4249.0,4249.0,0.0,1,1
300.0,0.32049,2.77877,31.815,20.0,25.24025,5.0,1.0,50.0,607.0,3642.0,4249.0,4249.0,0.0,1,1
304.0,0.27035,2.7785,31.815,20.0,25.24025,5.0,1.0,50.0,607.0,3642.0,4249.0,4249.0,0.0,1,1
308.0,0.22025,2.77823,31.815,20.0,25.24025,5.0,1.0,50.0,607.0,3642.0,4249.0,4249.0,0.0,1,1
312.0,0.17018,2.77796,31.815,20.0,25.24025,5.0,1.0,50.0,607.0,3642.0,4249.0,4249.0,0.0,1,1
316.0,0.12016,2.77769,31.815,20.0,25.24025,5.0,1.0,50.0,607.0,3642.0,4249.0,4249.0,0.0,1,1
320.0,0.07017,2.77741,31.815,20.0,25.24025,5.0,1.0,50.0,607.0,3642.0,4249.0,4249.0,0.0,1,1
324.0,0.02023,2.77713,31.815,20.0,25.24025,5.0,1.0,50.0,607.0,3642.0,4249.0,4249.0,0.0,1,1
328.0,0.0,2.77684,31.815,20.0,25.24025,5.0,1.0,50.0,607.0,3642.0,4249.0,4249.0,0.0,1,1
332.0,0.0,2.77281,31.815,20.0,25.24025,5.0,1.0,50.0,607.0,3642.0,4249.0,4249.0,0.0,1,1
336.0,0.0,2.76879,31.815,20.0,25.24025,5.0,1.0,50.0,607.0,3642.0,4249.0,4249.0,0.0,1,1
340.0,0.0,2.76476,31.815,20.0,25.24025,5.0,1.0,50.0,607.0,3642.0,4249.0,4249.0,0.0,1,1
344.0,0.0,2.76073,31.815,20.0,25.24025,5.0,1.0,50.0,607.0,3642.0,4249.0,4249.0,0.0,1,1
348.0,0.0,2.7567,31.815,20.0,25.24025,5.0,1.0,50.0,607.0,3642.0,4249.0,4249.0,0.0,1,1
352.0,0.0,2.75268,31.815,20.0,25.24025,5.0,1.0,50.0,607.0,3642.0,4249.0,4249.0,0.0,1,1
356.0,0.0,2.74865,31.815,20.0,25.24025,5.0,1.0,50.0,607.0,3642.0,4249.0,4249.0,0.0,1,1
360.0,0.0,2.74462,31.815,20.0,25.24025,5.0,1.0,50.0,607.0,3642.0,4249.0,4249.0,0.0,1,1
364.0,0.0,2.74059,31.815,20.0,25.24025,5.0,1.0,50.0,607.0,3642.0,4249.0,4249.0,0.0,1,1
368.0,0.0,2.73657,31.815,20.0,25.24025,5.0,1.0,50.0,607.0,3642.0,4249.0,4249.0,0.0,1,1
372.0,0.0,2.73254,31.815,20.0,25.24025,5.0,1.0,50.0,607.0,3642.0,4249.0,4249.0,0.0,1,1
376.0,0.0,2.72851,31.815,20.0,25.24025,5.0,1.0,50.0,607.0,3642.0,4249.0,4249.0,0.0,1,1
380.0,0.0,2.72449,31.815,20.0,25.24025,5.0,1.0,50.0,607.0,3642.0,4249.0,4249.0,0.0,1,1
384.0,0.0,2.72046,31.815,20.0,25.24025,5.0,1.0,50.0,607.0,3642.0,4249.0,4249.0,0.0,1,1
388.0,0.0,2.71643,31.815,20.0,25.24025,5.0,1.0,50.0,607.0,3642.0,4249.0,4249.0,0.0,1,1
392.0,0.0,2.7124,31.815,20.0,25.24025,5.0,1.0,50.0,607.0,3642.0,4249.0,4249.0,0.0,1,1
396.0,0.0,2.70838,31.815,20.0,25.24025,5.0,1.0,50.0,607.0,3642.0,4249.0,4249.0,0.0,1,1
400.0,0.0,2.70435,31.815,20.0,25.24025,5.0,1.0,50.0,607.0,3642.0,4249.0,4249.0,0.0,1,1
404.0,0.0,2.70032,31.815,20.0,25.24025,5.0,1.0,50.0,607.0,3642.0,4249.0,4249.0,0.0,1,1
408.0,0.0,2.69629,31.815,20.0,25.24025,5.0,1.0,50.0,607.0,3642.0,4249.0,4249.0,0.0,1,1
412.0,0.0,2.69227,31.815,20.0,25.24025,5.0,1.0,50.0,607.0,3642.0,4249.0,4249.0,0.0,1,1
416.0,0.0,2.68824,31.815,20.0,25.24025,5.0,1.0,50.0,607.0,3642.0,4249.0,4249.0,0.0,1,1
420.0,0.0,2.68421,31.815,20.0,25.24025,5.0,1.0,50.0,607.0,3642.0,4249.0,4249.0,0.0,1,1
424.0,0.0,2.68018,31.815,20.0,25.24025,5.0,1.0,50.0,607.0,3642.0,4249.0,4249.0,0.0,1,1
428.0,0.0,2.67616,31.815,20.0,25.24025,5.0,1.0,50.0,607.0,3642.0,4249.0,4249.0,0.0,1,1
432.0,0.0,2.67213,31.815,20.0,25.24025,5.0,1.0,50.0,607.0,3642.0,4249.0,4249.0,0.0,1,1
436.0,0.0,2.6681,31.815,20.0,25.24025,5.0,1.0,50.0,607.0,3642.0,4249.0,4249.0,0.0,1,1
440.0,0.0,2.66407,31.815,20.0,25.24025,5.0,1.0,50.0,607.0,3642.0,4249.0,4249.0,0.0,1,1
444.0,0.0,2.66005,31.815,20.0,25.24025,5.0,1.0,50.0,607.0,3642.0,4249.0,4249.0,0.0,1,1
448.0,0.0,2.65602,31.815,20.0,25.24025,5.0,1.0,50.0,607.0,3642.0,4249.0,4249.0,0.0,1,1
452.0,0.0,2.65199,31.815,20.0,25.24025,5.0,1.0,50.0,607.0,3642.0,4249.0,4249.0,0.0,1,1
456.0,0.0,2.64796,31.815,20.0,25.24025,5.0,1.0,50.0,607.0,3642.0,4249.0,4249.0,0.0,1,1
460.0,0.0,2.64394,31.815,20.0,25.24025,5.0,1.0,50.0,607.0,3642.0,4249.0,4249.0,0.0,1,1
464.0,0.0,2.63991,31.815,20.0,25.24025,5.0,1.0,50.0,607.0,3642.0,4249.0,4249.0,0.0,1,1
468.0,0.0,2.63588,31.815,20.0,25.24025,5.0,1.0,50.0,607.0,3642.0,4249.0,4249.0,0.0,1,1
472.0,0.0,2.63185,31.815,20.0,25.24025,5.0,1.0,50.0,607.0,3642.0,4249.0,4249.0,0.0,1,1
476.0,0.0,2.62783,31.815,20.0,25.24025,5.0,1.0,50.0,607.0,3642.0,4249.0,4249.0,0.0,1,1
480.0,0.0,2.6238,31.815,20.0,25.24025,5.0,1.0,50.0,607.0,3642.0,4249.0,4249.0,0.0,1,1
484.0,0.0,2.61977,31.815,20.0,25.24025,5.0,1.0,50.0,607.0,3642.0,4249.0,4249.0,0.0,1,1
488.0,0.0,2.61574,31.815,20.0,25.24025,5.0,1.0,50.0,607.0,3642.0,4249.0,4249.0,0.0,1,1
492.0,0.0,2.61172,31.815,20.0,25.24025,5.0,1.0,50.0,607.0,3642.0,4249.0,4249.0,0.0,1,1
496.0,0.0,2.60769,31.815,20.0,25.24025,5.0,1.0,50.0,607.0,3642.0,4249.0,4249.0,0.0,1,1
500.0,0.0,2.60366,31.815,20.0,25.24025,5.0,1.0,50.0,607.0,3642.0,4249.0,4249.0,0.0,1,1
504.0,0.0,2.59963,31.815,20.0,25.24025,5.0,1.0,50.0,607.0,3642.0,4249.0,4249.0,0.0,1,1
508.0,0.0,2.59561,31.815,20.0,25.24025,5.0,1.0,50.0,607.0,3642.0,4249.0,4249.0,0.0,1,1
512.0,0.0,2.59158,31.815,20.0,25.24025,5.0,1.0,50.0,607.0,3642.0,4249.0,4249.0,0.0,1,1
516.0,0.0,2.58755,31.815,20.0,25.24025,5.0,1.0,50.0,607.0,3642.0,4249.0,4249.0,0.0,1,1
520.0,0.0,2.58352,31.815,20.0,25.24025,5.0,1.0,50.0,607.0,3642.0,4249.0,4249.0,0.0,1,1
524.0,0.0,2.5795,31.815,20.0,25.24025,5.0,1.0,50.0,607.0,3642.0,4249.0,4249.0,0.0,1,1
528.0,0.0,2.57547,31.815,20.0,25.24025,5.0,1.0,50.0,607.0,3642.0,4249.0,4249.0,0.0,1,1
532.0,0.0,2.57144,31.815,20.0,25.24025,5.0,1.0,50.0,607.0,3642.0,4249.0,4249.0,0.0,1,1
536.0,0.0,2.56742,31.815,20.0,25.24025,5.0,1.0,50.0,607.0,3642.0,4249.0,4249.0,0.0,1,1
540.0,0.0,2.56339,31.815,20.0,25.24025,5.0,1.0,50.0,607.0,3642.0,4249.0,4249.0,0.0,1,1
544.0,0.0,2.55936,31.815,20.0,25.24025,5.0,1.0,50.0,607.0,3642.0,4249.0,4249.0,0.0,1,1
548.0,0.0,2.55533,31.815,20.0,25.24025,5.0,1.0,50.0,607.0,3642.0,4249.0,4249.0,0.0,1,1
552.0,0.0,2.55131,31.815,20.0,25.24025,5.0,1.0,50.0,607.0,3642.0,4249.0,4249.0,0.0,1,1
556.0,0.0,2.54728,31.815,20.0,25.24025,5.0,1.0,50.0,607.0,3642.0,4249.0,4249.0,0.0,1,1
560.0,0.0,2.54325,31.815,20.0,25.24025,5.0,1.0,50.0,607.0,3642.0,4249.0,4249.0,0.0,1,1
564.0,0.0,2.53922,31.815,20.0,25.24025,5.0,1.0,50.0,607.0,3642.0,4249.0,4249.0,0.0,1,1
568.0,0.0,2.5352,31.815,20.0,25.24025,5.0,1.0,50.0,607.0,3642.0,4249.0,4249.0,0.0,1,1
572.0,0.0,2.53117,31.815,20.0,25.24025,5.0,1.0,50.0,607.0,3642.0,4249.0,4249.0,0.0,1,1
576.0,0.0,2.52714,31.815,20.0,25.24025,5.0,1.0,50.0,607.0,3642.0,4249.0,4249.0,0.0,1,1
580.0,0.0,2.52311,31.815,20.0,25.24025,5.0,1.0,50.0,607.0,3642.0,4249.0,4249.0,0.0,1,1
584.0,0.0,2.51909,31.815,20.0,25.24025,5.0,1.0,50.0,607.0,3642.0,4249.0,4249.0,0.0,1,1
588.0,0.0,2.51506,31.815,20.0,25.24025,5.0,1.0,50.0,607.0,3642.0,4249.0,4249.0,0.0,1,1
592.0,0.0,2.51103,31.815,20.0,25.24025,5.0,1.0,50.0,607.0,3642.0,4249.0,4249.0,0.0,1,1
596.0,0.0,2.507,31.815,20.0,25.24025,5.0,1.0,50.0,607.0,3642.0,4249.0,4249.0,0.0,1,1
600.0,0.0,2.50298,31.815,20.0,25.24025,5.0,1.0,50.0,607.0,3642.0,4249.0,4249.0,0.0,1,1
604.0,0.0,2.49895,31.815,20.0,25.24025,5.0,1.0,50.0,607.0,3642.0,4249.0,4249.0,0.0,1,1
608.0,0.0,2.49492,31.815,20.0,25.24025,5.0,1.0,50.0,607.0,3642.0,4249.0,4249.0,0.0,1,1
612.0,0.0,2.49089,31.815,20.0,25.24025,5.0,1.0,50.0,607.0,3642.0,4249.0,4249.0,0.0,1,1
616.0,0.0,2.48687,31.815,20.0,25.24025,5.0,1.0,50.0,607.0,3642.0,4249.0,4249.0,0.0,1,1
620.0,0.0,2.48284,31.815,20.0,25.24025,5.0,1.0,50.0,607.0,3642.0,4249.0,4249.0,0.0,1,1
624.0,0.0,2.47881,31.815,20.0,25.24025,5.0,1.0,50.0,607.0,3642.0,4249.0,4249.0,0.0,1,1
628.0,0.0,2.47478,31.815,20.0,25.24025,5.0,1.0,50.0,607.0,3642.0,4249.0,4249.0,0.0,1,1
632.0,0.0,2.47076,31.815,20.0,25.24025,5.0,1.0,50.0,607.0,3642.0,4249.0,4249.0,0.0,1,1
636.0,0.0,2.46673,31.815,20.0,25.24025,5.0,1.0,50.0,607.0,3642.0,4249.0,4249.0,0.0,1,1
640.0,0.0,2.4627,31.815,20.0,25.24025,5.0,1.0,50.0,607.0,3642.0,4249.0,4249.0,0.0,1,1
644.0,0.0,2.45867,31.815,20.0,25.24025,5.0,1.0,50.0,607.0,3642.0,4249.0,4249.0,0.0,1,1
648.0,0.0,2.45465,31.815,20.0,25.24025,5.0,1.0,50.0,607.0,3642.0,4249.0,4249.0,0.0,1,1
652.0,0.0,2.45062,31.815,20.0,25.24025,5.0,1.0,50.0,607.0,3642.0,4249.0,4249.0,0.0,1,1
656.0,0.0,2.44659,31.815,20.0,25.24025,5.0,1.0,50.0,607.0,3642.0,4249.0,4249.0,0.0,1,1
660.0,0.0,2.44256,31.815,20.0,25.24025,5.0,1.0,50.0,607.0,3642.0,4249.0,4249.0,0.0,1,1
664.0,0.0,2.43854,31.815,20.0,25.24025,5.0,1.0,50.0,607.0,3642.0,4249.0,4249.0,0.0,1,1
668.0,0.0,2.43451,31.815,20.0,25.24025,5.0,1.0,50.0,607.0,3642.0,4249.0,4249.0,0.0,1,1
672.0,0.0,2.43048,31.815,20.0,25.24025,5.0,1.0,50.0,607.0,3642.0,4249.0,4249.0,0.0,1,1
676.0,0.0,2.42645,31.815,20.0,25.24025,5.0,1.0,50.0,607.0,3642.0,4249.0,4249.0,0.0,1,1
680.0,0.0,2.42243,31.815,20.0,25.24025,5.0,1.0,50.0,607.0,3642.0,4249.0,4249.0,0.0,1,1
684.0,0.0,2.4184,31.815,20.0,25.24025,5.0,1.0,50.0,607.0,3642.0,4249.0,4249.0,0.0,1,1
688.0,0.0,2.41437,31.815,20.0,25.24025,5.0,1.0,50.0,607.0,3642.0,4249.0,4249.0,0.0,1,1
692.0,0.0,2.41035,31.815,20.0,25.24025,5.0,1.0,50.0,607.0,3642.0,4249.0,4249.0,0.0,1,1
696.0,0.0,2.40632,31.815,20.0,25.24025,5.0,1.0,50.0,607.0,3642.0,4249.0,4249.0,0.0,1,1
700.0,0.0,2.40229,31.815,20.0,25.24025,5.0,1.0,50.0,607.0,3642.0,4249.0,4249.0,0.0,1,1
704.0,0.0,2.39826,31.815,20.0,25.24025,5.0,1.0,50.0,607.0,3642.0,4249.0,4249.0,0.0,1,1
708.0,0.0,2.39424,31.815,20.0,25.24025,5.0,1.0,50.0,607.0,3642.0,4249.0,4249.0,0.0,1,1
712.0,0.0,2.39021,31.815,20.0,25.24025,5.0,1.0,50.0,607.0,3642.0,4249.0,4249.0,0.0,1,1
716.0,0.0,2.38618,31.815,20.0,25.24025,5.0,1.0,50.0,607.0,3642.0,4249.0,4249.0,0.0,1,1
720.0,0.0,2.38215,31.815,20.0,25.24025,5.0,1.0,50.0,607.0,3642.0,4249.0,4249.0,0.0,1,1
724.0,0.0,2.37813,31.815,20.0,25.24025,5.0,1.0,50.0,607.0,3642.0,4249.0,4249.0,0.0,1,1
728.0,0.0,2.3741,31.815,20.0,25.24025,5.0,1.0,50.0,607.0,3642.0,4249.0,4249.0,0.0,1,1
732.0,0.0,2.37007,31.815,20.0,25.24025,5.0,1.0,50.0,607.0,3642.0,4249.0,4249.0,0.0,1,1
736.0,0.0,2.36604,31.815,20.0,25.24025,5.0,1.0,50.0,607.0,3642.0,4249.0,4249.0,0.0,1,1
740.0,0.0,2.36202,31.815,20.0,25.24025,5.0,1.0,50.0,607.0,3642.0,4249.0,4249.0,0.0,1,1
744.0,0.0,2.35799,31.815,20.0,25.24025,5.0,1.0,50.0,607.0,3642.0,4249.0,4249.0,0.0,1,1
748.0,0.0,2.35396,31.815,20.0,25.24025,5.0,1.0,50.0,607.0,3642.0,4249.0,4249.0,0.0,1,1
752.0,0.0,2.34993,31.815,20.0,25.24025,5.0,1.0,50.0,607.0,3642.0,4249.0,4249.0,0.0,1,1
756.0,0.0,2.34591,31.815,20.0,25.24025,5.0,1.0,50.0,607.0,3642.0,4249.0,4249.0,0.0,1,1
760.0,0.0,2.34188,31.815,20.0,25.24025,5.0,1.0,50.0,607.0,3642.0,4249.0,4249.0,0.0,1,1
764.0,0.0,2.33785,31.815,20.0,25.24025,5.0,1.0,50.0,607.0,3642.0,4249.0,4249.0,0.0,1,1
768.0,0.0,2.33382,31.815,20.0,25.24025,5.0,1.0,50.0,607.0,3642.0,4249.0,4249.0,0.0,1,1
772.0,0.0,2.3298,31.815,20.0,25.24025,5.0,1.0,50.0,607.0,3642.0,4249.0,4249.0,0.0,1,1
776.0,0.0,2.32577,31.815,20.0,25.24025,5.0,1.0,50.0,607.0,3642.0,4249.0,4249.0,0.0,1,1
780.0,0.0,2.32174,31.815,20.0,25.24025,5.0,1.0,50.0,607.0,3642.0,4249.0,4249.0,0.0,1,1
784.0,0.0,2.31771,31.815,20.0,25.24025,5.0,1.0,50.0,607.0,3642.0,4249.0,4249.0,0.0,1,1
788.0,0.0,2.31369,31.815,20.0,25.24025,5.0,1.0,50.0,607.0,3642.0,4249.0,4249.0,0.0,1,1
792.0,0.0,2.30966,31.815,20.0,25.24025,5.0,1.0,50.0,607.0,3642.0,4249.0,4249.0,0.0,1,1
796.0,0.0,2.30563,31.815,20.0,25.24025,5.0,1.0,50.0,607.0,3642.0,4249.0,4249.0,0.0,1,1
800.0,0.0,2.3016,31.815,20.0,25.24025,5.0,1.0,50.0,607.0,3642.0,4249.0,4249.0,0.0,1,1
804.0,0.0,2.29758,31.815,20.0,25.24025,5.0,1.0,50.0,607.0,3642.0,4249.0,4249.0,0.0,1,1
808.0,0.0,2.29355,31.815,20.0,25.24025,5.0,1.0,50.0,607.0,3642.0,4249.0,4249.0,0.0,1,1
812.0,0.0,2.28952,31.815,20.0,25.24025,5.0,1.0,50.0,607.0,3642.0,4249.0,4249.0,0.0,1,1
816.0,0.0,2.28549,31.815,20.0,25.24025,5.0,1.0,50.0,607.0,3642.0,4249.0,4249.0,0.0,1,1
820.0,0.0,2.28147,31.815,20.0,25.24025,5.0,1.0,50.0,607.0,3642.0,4249.0,4249.0,0.0,1,1
824.0,0.0,2.27744,31.815,20.0,25.24025,5.0,1.0,50.0,607.0,3642.0,4249.0,4249.0,0.0,1,1
828.0,0.0,2.27341,31.815,20.0,25.24025,5.0,1.0,50.0,607.0,3642.0,4249.0,4249.0,0.0,1,1
832.0,0.0,2.26938,31.815,20.0,25.24025,5.0,1.0,50.0,607.0,3642.0,4249.0,4249.0,0.0,1,1
836.0,0.0,2.26536,31.815,20.0,25.24025,5.0,1.0,50.0,607.0,3642.0,4249.0,4249.0,0.0,1,1
840.0,0.0,2.26133,31.815,20.0,25.24025,5.0,1.0,50.0,607.0,3642.0,4249.0,4249.0,0.0,1,1
844.0,0.0,2.2573,31.815,20.0,25.24025,5.0,1.0,50.0,607.0,3642.0,4249.0,4249.0,0.0,1,1
848.0,0.0,2.25328,31.815,20.0,25.24025,5.0,1.0,50.0,607.0,3642.0,4249.0,4249.0,0.0,1,1
852.0,0.0,2.24925,31.815,20.0,25.24025,5.0,1.0,50.0,607.0,3642.0,4249.0,4249.0,0.0,1,1
856.0,0.0,2.24522,31.815,20.0,25.24025,5.0,1.0,50.0,607.0,3642.0,4249.0,4249.0,0.0,1,1
860.0,0.0,2.24119,31.815,20.0,25.24025,5.0,1.0,50.0,607.0,3642.0,4249.0,4249.0,0.0,1,1
864.0,0.0,2.23717,31.815,20.0,25.24025,5.0,1.0,50.0,607.0,3642.0,4249.0,4249.0,0.0,1,1
868.0,0.0,2.23314,31.815,20.0,25.24025,5.0,1.0,50.0,607.0,3642.0,4249.0,4249.0,0.0,1,1
872.0,0.0,2.22911,31.815,20.0,25.24025,5.0,1.0,50.0,607.0,3642.0,4249.0,4249.0,0.0,1,1
876.0,0.0,2.22508,31.815,20.0,25.24025,5.0,1.0,50.0,607.0,3642.0,4249.0,4249.0,0.0,1,1
880.0,0.0,2.22106,31.815,20.0,25.24025,5.0,1.0,50.0,607.0,3642.0,4249.0,4249.0,0.0,1,1
884.0,0.0,2.21703,31.815,20.0,25.24025,5.0,1.0,50.0,607.0,3642.0,4249.0,4249.0,0.0,1,1
888.0,0.0,2.213,31.815,20.0,25.24025,5.0,1.0,50.0,607.0,3642.0,4249.0,4249.0,0.0,1,1
892.0,0.0,2.20897,31.815,20.0,25.24025,5.0,1.0,50.0,607.0,3642.0,4249.0,4249.0,0.0,1,1
896.0,0.0,2.20495,31.815,20.0,25.24025,5.0,1.0,50.0,607.0,3642.0,4249.0,4249.0,0.0,1,1
900.0,0.0,2.20092,31.815,20.0,25.24025,5.0,1.0,50.0,607.0,3642.0,4249.0,4249.0,0.0,1,1
904.0,0.0,2.19689,31.815,20.0,25.24025,5.0,1.0,50.0,607.0,3642.0,4249.0,4249.0,0.0,1,1
908.0,0.0,2.19286,31.815,20.0,25.24025,5.0,1.0,50.0,607.0,3642.0,4249.0,4249.0,0.0,1,1
912.0,0.0,2.18884,31.815,20.0,25.24025,5.0,1.0,50.0,607.0,3642.0,4249.0,4249.0,0.0,1,1
916.0,0.0,2.18481,31.815,20.0,25.24025,5.0,1.0,50.0,607.0,3642.0,4249.0,4249.0,0.0,1,1
920.0,0.0,2.18078,31.815,20.0,25.24025,5.0,1.0,50.0,607.0,3642.0,4249.0,4249.0,0.0,1,1
924.0,0.0,2.17675,31.815,20.0,25.24025,5.0,1.0,50.0,607.0,3642.0,4249.0,4249.0,0.0,1,1
928.0,0.0,2.17273,31.815,20.0,25.24025,5.0,1.0,50.0,607.0,3642.0,4249.0,4249.0,0.0,1,1
932.0,0.0,2.1687,31.815,20.0,25.24025,5.0,1.0,50.0,607.0,3642.0,4249.0,4249.0,0.0,1,1
936.0,0.0,2.16467,31.815,20.0,25.24025,5.0,1.0,50.0,607.0,3642.0,4249.0,4249.0,0.0,1,1
940.0,0.0,2.16064,31.815,20.0,25.24025,5.0,1.0,50.0,607.0,3642.0,4249.0,4249.0,0.0,1,1
944.0,0.0,2.15662,31.815,20.0,25.24025,5.0,1.0,50.0,607.0,3642.0,4249.0,4249.0,0.0,1,1
948.0,0.0,2.15259,31.815,20.0,25.24025,5.0,1.0,50.0,607.0,3642.0,4249.0,4249.0,0.0,1,1
952.0,0.0,2.14856,31.815,20.0,25.24025,5.0,1.0,50.0,607.0,3642.0,4249.0,4249.0,0.0,1,1
956.0,0.0,2.14453,31.815,20.0,25.24025,5.0,1.0,50.0,607.0,3642.0,4249.0,4249.0,0.0,1,1
960.0,0.0,2.14051,31.815,20.0,25.24025,5.0,1.0,50.0,607.0,3642.0,4249.0,4249.0,0.0,1,1
964.0,0.0,2.13648,31.815,20.0,25.24025,5.0,1.0,50.0,607.0,3642.0,4249.0,4249.0,0.0,1,1
968.0,0.0,2.13245,31.815,20.0,25.24025,5.0,1.0,50.0,607.0,3642.0,4249.0,4249.0,0.0,1,1
972.0,0.0,2.12842,31.815,20.0,25.24025,5.0,1.0,50.0,607.0,3642.0,4249.0,4249.0,0.0,1,1
976.0,0.0,2.1244,31.815,20.0,25.24025,5.0,1.0,50.0,607.0,3642.0,4249.0,4249.0,0.0,1,1
980.0,0.0,2.12037,31.815,20.0,25.24025,5.0,1.0,50.0,607.0,3642.0,4249.0,4249.0,0.0,1,1
984.0,0.0,2.11634,31.815,20.0,25.24025,5.0,1.0,50.0,607.0,3642.0,4249.0,4249.0,0.0,1,1
988.0,0.0,2.11231,31.815,20.0,25.24025,5.0,1.0,50.0,607.0,3642.0,4249.0,4249.0,0.0,1,1
992.0,0.0,2.10829,31.815,20.0,25.24025,5.0,1.0,50.0,607.0,3642.0,4249.0,4249.0,0.0,1,1
996.0,0.0,2.10426,31.815,20.0,25.24025,5.0,1.0,50.0,607.0,3642.0,4249.0,4249.0,0.0,1,1
1000.0,0.0,2.10023,31.815,20.0,25.24025,5.0,1.0,50.0,607.0,3642.0,4249.0,4249.0,0.0,1,1
1004.0,0.0,2.09621,31.815,20.0,25.24025,5.0,1.0,50.0,607.0,3642.0,4249.0,4249.0,0.0,1,1
1008.0,0.0,2.09218,31.815,20.0,25.24025,5.0,1.0,50.0,607.0,3642.0,4249.0,4249.0,0.0,1,1
1012.0,0.0,2.08815,31.815,20.0,25.24025,5.0,1.0,50.0,607.0,3642.0,4249.0,4249.0,0.0,1,1
1016.0,0.0,2.08412,31.815,20.0,25.24025,5.0,1.0,50.0,607.0,3642.0,4249.0,4249.0,0.0,1,1
1020.0,0.0,2.0801,31.815,20.0,25.24025,5.0,1.0,50.0,607.0,3642.0,4249.0,4249.0,0.0,1,1
1024.0,0.0,2.07607,31.815,20.0,25.24025,5.0,1.0,50.0,607.0,3642.0,4249.0,4249.0,0.0,1,1
1028.0,0.0,2.07204,31.815,20.0,25.24025,5.0,1.0,50.0,607.0,3642.0,4249.0,4249.0,0.0,1,1
1032.0,0.0,2.06801,31.815,20.0,25.24025,5.0,1.0,50.0,607.0,3642.0,4249.0,4249.0,0.0,1,1
1036.0,0.0,2.06399,31.815,20.0,25.24025,5.0,1.0,50.0,607.0,3642.0,4249.0,4249.0,0.0,1,1
1040.0,0.0,2.05996,31.815,20.0,25.24025,5.0,1.0,50.0,607.0,3642.0,4249.0,4249.0,0.0,1,1
1044.0,0.0,2.05593,31.815,20.0,25.24025,5.0,1.0,50.0,607.0,3642.0,4249.0,4249.0,0.0,1,1
1048.0,0.0,2.0519,31.815,20.0,25.24025,5.0,1.0,50.0,607.0,3642.0,4249.0,4249.0,0.0,1,1
1052.0,0.0,2.04788,31.815,20.0,25.24025,5.0,1.0,50.0,607.0,3642.0,4249.0,4249.0,0.0,1,1
1056.0,0.0,2.04385,31.815,20.0,25.24025,5.0,1.0,50.0,607.0,3642.0,4249.0,4249.0,0.0,1,1
1060.0,0.0,2.03982,31.815,20.0,25.24025,5.0,1.0,50.0,607.0,3642.0,4249.0,4249.0,0.0,1,1
1064.0,0.0,2.03579,31.815,20.0,25.24025,5.0,1.0,50.0,607.0,3642.0,4249.0,4249.0,0.0,1,1
1068.0,0.0,2.03177,31.815,20.0,25.24025,5.0,1.0,50.0,607.0,3642.0,4249.0,4249.0,0.0,1,1
1072.0,0.0,2.02774,31.815,20.0,25.24025,5.0,1.0,50.0,607.0,3642.0,4249.0,4249.0,0.0,1,1
1076.0,0.0,2.02371,31.815,20.0,25.24025,5.0,1.0,50.0,607.0,3642.0,4249.0,4249.0,0.0,1,1
1080.0,0.0,2.01968,31.815,20.0,25.24025,5.0,1.0,50.0,607.0,3642.0,4249.0,4249.0,0.0,1,1
1084.0,0.0,2.01566,31.815,20.0,25.24025,5.0,1.0,50.0,607.0,3642.0,4249.0,4249.0,0.0,1,1
1088.0,0.0,2.01163,31.815,20.0,25.24025,5.0,1.0,50.0,607.0,3642.0,4249.0,4249.0,0.0,1,1
1092.0,0.0,2.0076,31.815,20.0,25.24025,5.0,1.0,50.0,607.0,3642.0,4249.0,4249.0,0.0,1,1
1096.0,0.0,2.00357,31.815,20.0,25.24025,5.0,1.0,50.0,607.0,3642.0,4249.0,4249.0,0.0,1,1
1100.0,0.0,1.99955,31.815,20.0,25.24025,5.0,1.0,50.0,607.0,3642.0,4249.0,4249.0,0.0,1,1
1104.0,0.0,1.99552,31.815,20.0,25.24025,5.0,1.0,50.0,607.0,3642.0,4249.0,4249.0,0.0,1,1
1108.0,0.0,1.99149,31.815,20.0,25.24025,5.0,1.0,50.0,607.0,3642.0,4249.0,4249.0,0.0,1,1
1112.0,0.0,1.98746,31.815,20.0,25.24025,5.0,1.0,50.0,607.0,3642.0,4249.0,4249.0,0.0,1,1
1116.0,0.0,1.98344,31.815,20.0,25.24025,5.0,1.0,50.0,607.0,3642.0,4249.0,4249.0,0.0,1,1
1120.0,0.0,1.97941,31.815,20.0,25.24025,5.0,1.0,50.0,607.0,3642.0,4249.0,4249.0,0.0,1,1
1124.0,0.0,1.97538,31.815,20.0,25.24025,5.0,1.0,50.0,607.0,3642.0,4249.0,4249.0,0.0,1,1
1128.0,0.0,1.97135,31.815,20.0,25.24025,5.0,1.0,50.0,607.0,3642.0,4249.0,4249.0,0.0,1,1
1132.0,0.0,1.96733,31.815,20.0,25.24025,5.0,1.0,50.0,607.0,3642.0,4249.0,4249.0,0.0,1,1
1136.0,0.0,1.9633,31.815,20.0,25.24025,5.0,1.0,50.0,607.0,3642.0,4249.0,4249.0,0.0,1,1
1140.0,0.0,1.95927,31.815,20.0,25.24025,5.0,1.0,50.0,607.0,3642.0,4249.0,4249.0,0.0,1,1
1144.0,0.0,1.95524,31.815,20.0,25.24025,5.0,1.0,50.0,607.0,3642.0,4249.0,4249.0,0.0,1,1
1148.0,0.0,1.95122,31.815,20.0,25.24025,5.0,1.0,50.0,607.0,3642.0,4249.0,4249.0,0.0,1,1
1152.0,0.0,1.94719,31.815,20.0,25.24025,5.0,1.0,50.0,607.0,3642.0,4249.0,4249.0,0.0,1,1
1156.0,0.0,1.94316,31.815,20.0,25.24025,5.0,1.0,50.0,607.0,3642.0,4249.0,4249.0,0.0,1,1
1160.0,0.0,1.93914,31.815,20.0,25.24025,5.0,1.0,50.0,607.0,3642.0,4249.0,4249.0,0.0,1,1
1164.0,0.0,1.93511,31.815,20.0,25.24025,5.0,1.0,50.0,607.0,3642.0,4249.0,4249.0,0.0,1,1
1168.0,0.0,1.93108,31.815,20.0,25.24025,5.0,1.0,50.0,607.0,3642.0,4249.0,4249.0,0.0,1,1
1172.0,0.0,1.92705,31.815,20.0,25.24025,5.0,1.0,50.0,607.0,3642.0,4249.0,4249.0,0.0,1,1
1176.0,0.0,1.92303,31.815,20.0,25.24025,5.0,1.0,50.0,607.0,3642.0,4249.0,4249.0,0.0,1,1
1180.0,0.0,1.919,31.815,20.0,25.24025,5.0,1.0,50.0,607.0,3642.0,4249.0,4249.0,0.0,1,1
1184.0,0.0,1.91497,31.815,20.0,25.24025,5.0,1.0,50.0,607.0,3642.0,4249.0,4249.0,0.0,1,1
1188.0,0.0,1.91094,31.815,20.0,25.24025,5.0,1.0,50.0,607.0,3642.0,4249.0,4249.0,0.0,1,1
1192.0,0.0,1.90692,31.815,20.0,25.24025,5.0,1.0,50.0,607.0,3642.0,4249.0,4249.0,0.0,1,1
1196.0,0.0,1.90289,31.815,20.0,25.24025,5.0,1.0,50.0,607.0,3642.0,4249.0,4249.0,0.0,1,1
1200.0,0.0,1.89886,31.815,20.0,25.24025,5.0,1.0,50.0,607.0,3642.0,4249.0,4249.0,0.0,1,1
1204.0,0.0,1.89483,31.815,20.0,25.24025,5.0,1.0,50.0,607.0,3642.0,4249.0,4249.0,0.0,1,1
1208.0,0.0,1.89081,31.815,20.0,25.24025,5.0,1.0,50.0,607.0,3642.0,4249.0,4249.0,0.0,1,1
1212.0,0.0,1.88678,31.815,20.0,25.24025,5.0,1.0,50.0,607.0,3642.0,4249.0,4249.0,0.0,1,1
1216.0,0.0,1.88275,31.815,20.0,25.24025,5.0,1.0,50.0,607.0,3642.0,4249.0,4249.0,0.0,1,1
1220.0,0.0,1.87872,31.815,20.0,25.24025,5.0,1.0,50.0,607.0,3642.0,4249.0,4249.0,0.0,1,1
1224.0,0.0,1.8747,31.815,20.0,25.24025,5.0,1.0,50.0,607.0,3642.0,4249.0,4249.0,0.0,1,1
1228.0,0.0,1.87067,31.815,20.0,25.24025,5.0,1.0,50.0,607.0,3642.0,4249.0,4249.0,0.0,1,1
1232.0,0.0,1.86664,31.815,20.0,25.24025,5.0,1.0,50.0,607.0,3642.0,4249.0,4249.0,0.0,1,1
1236.0,0.0,1.86261,31.815,20.0,25.24025,5.0,1.0,50.0,607.0,3642.0,4249.0,4249.0,0.0,1,1
1240.0,0.0,1.85859,31.815,20.0,25.24025,5.0,1.0,50.0,607.0,3642.0,4249.0,4249.0,0.0,1,1
1244.0,0.0,1.85456,31.815,20.0,25.24025,5.0,1.0,50.0,607.0,3642.0,4249.0,4249.0,0.0,1,1
1248.0,0.0,1.85053,31.815,20.0,25.24025,5.0,1.0,50.0,607.0,3642.0,4249.0,4249.0,0.0,1,1
1252.0,0.0,1.8465,31.815,20.0,25.24025,5.0,1.0,50.0,607.0,3642.0,4249.0,4249.0,0.0,1,1
1256.0,0.0,1.84248,31.815,20.0,25.24025,5.0,1.0,50.0,607.0,3642.0,4249.0,4249.0,0.0,1,1
1260.0,0.0,1.83845,31.815,20.0,25.24025,5.0,1.0,50.0,607.0,3642.0,4249.0,4249.0,0.0,1,1
1264.0,0.0,1.83442,31.815,20.0,25.24025,5.0,1.0,50.0,607.0,3642.0,4249.0,4249.0,0.0,1,1
1268.0,0.0,1.83039,31.815,20.0,25.24025,5.0,1.0,50.0,607.0,3642.0,4249.0,4249.0,0.0,1,1
1272.0,0.0,1.82637,31.815,20.0,25.24025,5.0,1.0,50.0,607.0,3642.0,4249.0,4249.0,0.0,1,1
1276.0,0.0,1.82234,31.815,20.0,25.24025,5.0,1.0,50.0,607.0,3642.0,4249.0,4249.0,0.0,1,1
1280.0,0.0,1.81831,31.815,20.0,25.24025,5.0,1.0,50.0,607.0,3642.0,4249.0,4249.0,0.0,1,1
1284.0,0.0,1.81428,31.815,20.0,25.24025,5.0,1.0,50.0,607.0,3642.0,4249.0,4249.0,0.0,1,1
1288.0,0.0,1.81026,31.815,20.0,25.24025,5.0,1.0,50.0,607.0,3642.0,4249.0,4249.0,0.0,1,1
1292.0,0.0,1.80623,31.815,20.0,25.24025,5.0,1.0,50.0,607.0,3642.0,4249.0,4249.0,0.0,1,1
1296.0,0.0,1.8022,31.815,20.0,25.24025,5.0,1.0,50.0,607.0,3642.0,4249.0,4249.0,0.0,1,1
1300.0,0.0,1.79817,31.815,20.0,25.24025,5.0,1.0,50.0,607.0,3642.0,4249.0,4249.0,0.0,1,1
1304.0,0.0,1.79415,31.815,20.0,25.24025,5.0,1.0,50.0,607.0,3642.0,4249.0,4249.0,0.0,1,1
1308.0,0.0,1.79012,31.815,20.0,25.24025,5.0,1.0,50.0,607.0,3642.0,4249.0,4249.0,0.0,1,1
1312.0,0.0,1.78609,31.815,20.0,25.24025,5.0,1.0,50.0,607.0,3642.0,4249.0,4249.0,0.0,1,1
1316.0,0.0,1.78207,31.815,20.0,25.24025,5.0,1.0,50.0,607.0,3642.0,4249.0,4249.0,0.0,1,1
1320.0,0.0,1.77804,31.815,20.0,25.24025,5.0,1.0,50.0,607.0,3642.0,4249.0,4249.0,0.0,1,1
1324.0,0.0,1.77401,31.815,20.0,25.24025,5.0,1.0,50.0,607.0,3642.0,4249.0,4249.0,0.0,1,1
1328.0,0.0,1.76998,31.815,20.0,25.24025,5.0,1.0,50.0,607.0,3642.0,4249.0,4249.0,0.0,1,1
1332.0,0.0,1.76596,31.815,20.0,25.24025,5.0,1.0,50.0,607.0,3642.0,4249.0,4249.0,0.0,1,1
1336.0,0.0,1.76193,31.815,20.0,25.24025,5.0,1.0,50.0,607.0,3642.0,4249.0,4249.0,0.0,1,1
1340.0,0.0,1.7579,31.815,20.0,25.24025,5.0,1.0,50.0,607.0,3642.0,4249.0,4249.0,0.0,1,1
1344.0,0.0,1.75387,31.815,20.0,25.24025,5.0,1.0,50.0,607.0,3642.0,4249.0,4249.0,0.0,1,1
1348.0,0.0,1.74985,31.815,20.0,25.24025,5.0,1.0,50.0,607.0,3642.0,4249.0,4249.0,0.0,1,1
1352.0,0.0,1.74582,31.815,20.0,25.24025,5.0,1.0,50.0,607.0,3642.0,4249.0,4249.0,0.0,1,1
1356.0,0.0,1.74179,31.815,20.0,25.24025,5.0,1.0,50.0,607.0,3642.0,4249.0,4249.0,0.0,1,1
1360.0,0.0,1.73776,31.815,20.0,25.24025,5.0,1.0,50.0,607.0,3642.0,4249.0,4249.0,0.0,1,1
1364.0,0.0,1.73374,31.815,20.0,25.24025,5.0,1.0,50.0,607.0,3642.0,4249.0,4249.0,0.0,1,1
1368.0,0.0,1.72971,31.815,20.0,25.24025,5.0,1.0,50.0,607.0,3642.0,4249.0,4249.0,0.0,1,1
1372.0,0.0,1.72568,31.815,20.0,25.24025,5.0,1.0,50.0,607.0,3642.0,4249.0,4249.0,0.0,1,1
1376.0,0.0,1.72165,31.815,20.0,25.24025,5.0,1.0,50.0,607.0,3642.0,4249.0,4249.0,0.0,1,1
1380.0,0.0,1.71763,31.815,20.0,25.24025,5.0,1.0,50.0,607.0,3642.0,4249.0,4249.0,0.0,1,1
1384.0,0.0,1.7136,31.815,20.0,25.24025,5.0,1.0,50.0,607.0,3642.0,4249.0,4249.0,0.0,1,1
1388.0,0.0,1.70957,31.815,20.0,25.24025,5.0,1.0,50.0,607.0,3642.0,4249.0,4249.0,0.0,1,1
1392.0,0.0,1.70554,31.815,20.0,25.24025,5.0,1.0,50.0,607.0,3642.0,4249.0,4249.0,0.0,1,1
1396.0,0.0,1.70152,31.815,20.0,25.24025,5.0,1.0,50.0,607.0,3642.0,4249.0,4249.0,0.0,1,1
1400.0,0.0,1.69749,31.65523,20.01316,25.27985,5.01926,0.99961,50.0,606.76615,3642.0,4248.76615,4249.0,0.0,1,1
1404.0,0.0,1.69346,31.39901,20.03452,25.34214,5.04924,0.99902,49.99882,606.40221,3642.0,4248.40221,4248.89961,0.0,1,1
1408.0,0.0,1.68944,31.14297,20.05642,25.40447,5.07908,0.99842,49.99631,608.70831,3658.03528,4266.74359,4248.68609,0.0,1,1
1412.0,0.0,1.68542,30.88716,20.07881,25.49166,5.12627,0.99747,50.08752,595.14248,3579.89579,4175.03827,4256.43779,0.0,1,1
1416.0,0.0,1.68138,30.6305,20.10223,25.43879,5.07464,0.99851,49.67633,480.72192,2888.64358,3369.36551,4221.49471,0.0,1,1
